,game_result,turnovers,pass_cmp,pass_att,pass_yds,pass_td,rush_att,rush_yds,rush_td,rush_yds_per_att,tot_plays,tot_yds_per_play,first_down_pass,first_down_rush,first_down_penalty,first_down,penalty,penalty_yds,fumbles_lost,pass_int
0,1,1,18,29,188,3,41,164,2,4.0,70,5.0,10,7,3,20,2,20,1,0
1,1,1,18,62.1,188,1,31,161,4,5.2,60,6.9,13,7,2,22,4,44,0,1
2,1,2,22,29,252,2,58,225,2,3.9,89,5.4,12,11,4,27,8,74,1,1
3,1,0,17,62.1,252,3,45,203,1,4.5,74,6.4,11,9,4,24,5,40,0,0
4,1,1,23,31,259,2,44,177,2,4.0,84,6.0,15,9,2,26,6,35,0,1
5,1,1,19,71.0,259,3,37,96,2,2.6,69,6.2,14,6,1,21,4,45,0,1
6,1,0,23,29,270,5,23,180,4,7.8,52,12.3,14,5,3,22,6,66,0,0
7,1,1,25,58.6,270,3,42,266,3,6.3,83,8.2,15,11,3,29,6,45,1,0
8,0,2,25,40,324,5,39,217,2,5.6,90,6.8,18,12,5,35,11,119,0,2
9,1,3,20,57.5,324,3,44,116,3,2.6,91,4.5,17,4,6,27,5,50,0,3
10,0,3,28,32,330,1,31,36,2,1.2,75,5.4,19,4,1,24,7,35,2,1
11,1,1,20,59.4,330,3,54,177,2,3.3,86,4.8,9,13,3,25,6,60,0,1
12,0,4,21,29,458,2,39,82,1,2.1,85,3.5,13,7,4,24,8,70,0,4
13,1,0,23,79.3,458,3,37,148,1,4.0,76,5.9,13,11,4,28,3,35,0,0
0,0,1,19,37,178,0,23,2,0,0.1,60,3.0,9,1,4,14,7,59,0,1
1,1,3,23,51.4,178,2,36,242,5,6.7,75,6.7,11,14,1,26,5,35,1,2
2,1,1,18,39,262,0,41,158,2,3.9,66,4.3,6,11,2,19,8,66,1,0
3,0,1,12,59.0,262,2,22,104,1,4.7,48,4.5,4,3,3,10,13,94,0,1
4,1,0,13,25,126,0,38,233,1,6.1,66,6.7,9,8,1,18,6,60,0,0
5,1,0,22,72.0,126,1,35,134,1,3.8,70,4.7,11,7,2,20,7,60,0,0
6,0,2,15,26,111,0,30,164,2,5.5,62,5.1,10,7,2,19,5,46,0,2
7,1,3,19,46.2,111,1,43,188,2,4.4,74,5.1,10,9,3,22,6,25,2,1
8,1,1,18,28,207,2,36,125,1,3.5,67,5.1,10,8,3,21,3,30,1,0
9,1,2,27,46.4,207,2,43,129,3,3.0,100,4.8,15,8,3,26,5,47,1,1
10,1,3,12,35,198,2,54,333,4,6.2,74,7.3,8,17,0,25,4,30,2,1
11,1,1,9,62.9,198,0,43,265,3,6.2,62,5.9,4,13,0,17,5,45,0,1
12,1,1,21,32,151,0,40,128,1,3.2,73,4.3,10,8,2,20,5,60,0,1
0,1,1,17,26,232,2,40,293,4,7.3,66,8.0,13,11,3,27,3,25,0,1
1,0,3,30,65.4,232,1,25,34,0,1.4,76,4.4,13,2,1,16,6,59,1,2
2,1,1,28,51,303,3,31,218,3,7.0,68,7.4,15,7,3,25,3,25,1,0
3,1,0,32,58.8,303,4,51,148,0,2.9,96,4.0,16,9,6,31,11,105,0,0
4,1,0,22,37,287,2,31,167,2,5.4,67,6.2,12,9,2,23,4,49,0,0
5,1,0,16,75.7,287,3,34,130,0,3.8,58,6.6,9,6,1,16,9,85,0,0
6,0,0,24,45,238,2,22,111,1,5.0,64,6.6,12,5,1,18,6,47,0,0
7,1,0,25,71.1,238,4,23,49,0,2.1,59,6.2,14,4,1,19,5,45,0,0
8,1,1,21,36,251,4,37,86,0,2.3,69,5.8,12,5,0,17,8,63,0,1
9,0,3,37,61.1,251,4,18,74,0,4.1,77,6.3,17,7,1,25,14,119,1,2
10,1,0,17,24,251,2,30,96,1,3.2,54,7.4,12,5,2,19,12,96,0,0
11,1,1,19,66.7,251,4,29,113,0,3.9,60,6.0,10,9,2,21,8,56,1,0
0,0,2,23,38,200,1,39,155,2,4.0,77,4.6,11,8,3,22,9,74,1,1
1,1,1,16,60.5,200,1,38,158,2,4.2,64,6.9,10,8,0,18,6,41,1,0
2,1,1,24,26,284,2,37,191,3,5.2,76,6.6,16,7,1,24,4,46,0,1
3,1,0,25,61.5,284,2,41,131,2,3.2,81,4.9,14,6,1,21,7,81,0,0
4,0,2,19,39,310,2,43,213,2,5.0,70,7.5,10,12,3,25,9,93,2,0
5,0,1,17,61.5,310,1,34,233,2,6.9,62,8.1,12,6,2,20,6,51,1,0
6,1,4,9,40,264,0,47,331,4,7.0,64,6.8,6,14,2,22,7,70,2,2
7,0,1,11,62.5,264,1,41,215,0,5.2,69,6.3,7,8,2,17,9,69,0,1
8,0,0,12,27,309,0,47,223,3,4.7,70,5.7,6,10,1,17,7,53,0,0
9,1,0,15,70.4,309,4,32,163,1,5.1,54,7.1,7,8,2,17,3,25,0,0
10,1,0,18,28,270,5,37,384,4,10.4,62,11.1,14,14,1,29,7,57,0,0
11,0,1,19,60.7,270,1,31,144,2,4.6,59,6.0,12,7,2,21,3,24,0,1
12,0,0,13,17,107,1,37,192,2,5.2,59,6.8,9,12,0,21,4,35,0,0
0,0,3,14,26,178,2,48,264,3,5.5,74,6.0,8,11,0,19,9,54,0,3
1,0,1,18,53.8,178,1,37,202,1,5.5,71,4.7,8,10,4,21,11,114,0,1
2,0,6,16,34,133,2,29,91,0,3.1,51,6.2,10,4,2,16,7,65,3,3
3,0,1,24,52.9,133,1,36,205,2,5.7,75,6.0,10,10,3,23,4,30,0,1
4,1,2,22,22,226,2,37,247,2,6.7,69,5.5,9,10,3,22,3,30,1,1
5,1,0,11,72.7,226,3,41,238,2,5.8,54,7.1,6,14,2,22,5,50,0,0
6,1,1,10,39,248,2,45,365,5,8.1,60,9.8,8,14,3,25,3,41,1,0
7,0,2,14,61.5,248,2,34,65,0,1.9,56,4.3,9,3,0,12,9,85,2,0
8,0,1,22,32,131,1,27,38,1,1.4,71,3.8,11,5,2,18,2,12,0,1
9,1,1,18,68.8,131,0,48,160,3,3.3,74,5.9,9,10,5,24,8,60,1,0
10,1,0,20,13,145,3,31,114,0,3.7,65,5.6,12,8,2,22,13,120,0,0
11,0,3,20,84.6,145,1,33,145,2,4.4,66,5.3,10,10,4,24,9,89,1,2
0,1,0,21,30,347,3,33,180,3,5.5,63,8.4,13,10,2,25,2,25,0,0
1,1,2,14,70.0,347,1,41,254,3,6.2,59,8.1,9,14,1,24,11,99,2,0
2,1,1,7,18,221,1,36,182,3,5.1,51,4.7,2,9,2,13,2,25,0,1
3,1,1,18,77.8,221,2,49,275,3,5.6,78,5.8,7,16,0,23,4,37,0,1
4,0,2,23,15,59,0,33,57,1,1.7,73,5.0,12,6,1,19,10,60,0,2
5,0,2,21,46.7,59,1,30,97,0,3.2,69,4.2,7,6,4,17,3,25,1,1
6,0,3,17,29,175,1,36,125,1,3.5,68,3.9,8,7,2,17,5,45,1,2
7,0,0,15,62.1,175,0,40,71,0,1.8,72,3.5,7,8,0,15,2,20,0,0
8,1,1,7,40,311,0,54,234,2,4.3,67,5.2,4,17,1,22,5,39,0,1
9,1,1,13,57.5,311,2,38,195,3,5.1,58,8.7,12,10,4,26,8,88,1,0
10,0,1,10,39,194,1,51,170,2,3.3,75,4.2,5,11,5,21,5,45,0,1
11,0,3,3,53.8,194,1,29,163,0,5.6,41,4.4,1,7,1,9,7,83,1,2
0,1,0,12,18,100,0,43,285,3,6.6,61,6.3,7,14,0,21,4,39,0,0
1,0,3,19,66.7,100,0,30,67,1,2.2,62,4.2,8,5,1,14,8,55,2,1
2,1,2,17,32,191,2,42,286,6,6.8,66,9.4,10,11,3,24,16,164,0,2
3,1,0,6,59.4,191,0,52,236,3,4.5,67,4.7,5,14,4,23,5,37,0,0
4,0,1,13,24,337,1,40,239,3,6.0,63,6.2,7,10,1,18,3,28,0,1
5,0,1,15,70.8,337,2,58,354,3,6.1,85,6.0,9,23,1,33,3,30,1,0
6,0,1,17,15,77,1,30,165,1,5.5,67,5.3,10,7,1,18,8,77,0,1
7,1,0,16,40.0,77,2,45,314,4,7.0,79,7.0,10,15,0,25,7,45,0,0
8,1,1,5,23,150,0,47,293,2,6.2,61,5.9,2,13,1,16,4,19,1,0
9,0,1,10,56.5,150,0,39,138,0,3.5,57,3.2,1,10,2,13,8,52,1,0
10,0,1,9,27,160,0,33,170,2,5.2,54,4.4,3,8,5,16,9,80,0,1
11,0,1,17,55.6,160,2,30,25,0,0.8,54,4.5,9,3,2,14,9,66,1,0
0,1,2,34,45,375,2,40,241,5,6.0,85,7.2,18,15,2,35,3,30,2,0
1,1,0,25,75.6,375,3,45,96,2,2.1,82,4.8,15,6,3,24,9,76,0,0
2,0,3,25,37,301,6,23,93,0,4.0,57,8.9,14,7,4,25,8,82,2,1
3,1,0,29,67.6,301,5,49,252,5,5.1,82,8.6,20,15,0,35,5,57,0,0
4,1,0,24,34,415,4,41,181,2,4.4,78,7.4,17,9,1,27,6,65,0,0
5,1,0,22,73.5,415,2,44,208,2,4.7,81,5.1,11,10,1,22,9,73,0,0
6,1,1,25,33,455,2,43,162,0,3.8,82,5.7,13,10,3,26,9,87,1,0
7,0,2,39,87.9,455,3,23,68,1,3.0,79,7.4,23,6,1,30,9,107,0,2
8,1,2,28,37,399,3,41,222,3,5.4,84,7.6,18,11,1,30,5,42,2,0
9,1,1,25,64.9,399,3,31,95,1,3.1,76,5.8,14,7,4,24,6,55,0,1
10,1,2,26,37,203,4,38,169,1,4.4,80,6.4,17,8,3,28,8,65,0,2
11,1,1,28,59.5,203,4,34,125,0,3.7,72,4.6,11,8,1,20,5,55,0,1
12,1,0,21,39,302,2,38,112,3,2.9,72,5.3,11,8,3,22,8,70,0,0
13,0,1,16,64.1,302,1,32,104,1,3.3,55,5.0,6,8,0,14,4,30,0,1
0,0,3,23,31,179,1,31,87,0,2.8,62,4.3,8,7,3,18,7,75,1,2
1,1,0,20,74.2,179,0,43,175,2,4.1,76,4.9,9,13,3,25,6,60,0,0
2,0,4,38,33,200,2,24,52,0,2.2,84,5.2,20,5,4,29,10,84,2,2
3,1,0,21,60.6,200,5,45,322,5,7.2,70,10.6,16,12,3,31,3,40,0,0
4,0,0,15,60,388,1,40,169,3,4.2,69,5.4,7,8,3,18,8,70,0,0
5,0,3,20,63.3,388,1,34,157,3,4.6,79,5.3,13,10,7,30,9,81,0,3
6,1,0,25,25,417,4,38,95,0,2.5,71,5.9,11,4,3,18,9,66,0,0
7,1,1,32,84.0,417,3,29,64,2,2.2,71,6.9,16,6,5,27,8,72,0,1
8,1,3,22,29,203,3,42,174,1,4.1,76,7.4,12,10,2,24,3,35,3,0
9,0,3,25,51.7,203,4,23,43,0,1.9,70,5.1,13,5,2,20,14,105,1,2
10,1,0,19,45,264,3,26,67,2,2.6,59,7.2,13,5,3,21,5,45,0,0
11,1,0,35,44.4,264,3,36,140,2,3.9,88,6.0,19,10,4,33,5,30,0,0
0,1,0,21,32,339,2,31,208,3,6.7,63,8.7,13,9,0,22,2,22,0,0
1,1,2,28,65.6,339,5,33,133,1,4.0,73,7.6,19,7,5,31,8,74,1,1
2,0,2,40,40,423,4,22,24,1,1.1,79,7.3,24,1,2,27,9,102,1,1
3,0,2,33,70.0,423,2,27,99,0,3.7,86,5.9,22,7,2,31,11,83,1,1
4,1,1,25,57,553,1,35,181,2,5.2,79,5.7,11,10,2,23,7,60,0,1
5,1,2,40,70.2,553,3,25,35,1,1.4,86,6.1,23,1,2,26,7,56,0,2
6,1,1,25,59,407,2,33,164,4,5.0,79,6.7,19,7,3,29,5,25,1,0
7,1,0,29,55.9,407,4,30,240,2,8.0,73,8.7,17,14,1,32,4,38,0,0
8,0,3,24,44,268,4,25,216,3,8.6,64,9.2,17,9,2,28,4,40,1,2
9,0,2,18,56.8,268,0,30,82,0,2.7,64,4.3,8,9,0,17,6,51,0,2
10,0,1,36,61,487,3,24,27,2,1.1,75,6.9,21,4,2,27,8,65,0,1
11,0,2,31,65.6,487,1,23,71,2,3.1,70,7.0,19,5,2,26,6,65,1,1
0,1,2,12,19,169,1,43,127,1,3.0,62,4.8,6,10,1,17,2,25,1,1
1,1,0,17,63.2,169,1,39,224,4,5.7,67,5.7,8,14,2,24,3,26,0,0
2,0,0,19,28,159,2,42,103,1,2.5,73,4.5,10,7,3,20,6,45,0,0
3,1,1,17,60.7,159,1,33,106,1,3.2,62,5.1,11,7,1,19,4,35,0,1
4,0,2,17,31,223,0,37,134,2,3.6,71,4.5,11,8,2,21,5,40,1,1
5,0,1,11,61.3,223,1,28,90,0,3.2,60,3.7,6,5,2,13,3,25,0,1
6,0,0,10,29,212,1,44,260,3,5.9,64,6.8,8,12,1,21,1,5,0,0
7,1,0,15,58.6,212,2,53,237,0,4.5,78,6.3,9,12,2,23,7,61,0,0
8,0,2,7,34,187,0,34,162,0,4.8,51,4.6,3,8,1,12,7,55,2,0
9,1,1,11,50.0,187,3,41,297,2,7.2,59,9.7,10,12,1,23,12,106,0,1
10,0,1,19,32,134,3,43,227,0,5.3,71,5.3,5,12,1,18,7,65,1,0
11,1,1,7,34.4,134,2,47,320,1,6.8,63,7.4,6,12,2,20,10,84,1,0
12,0,1,11,20,177,0,48,122,1,2.5,67,3.9,7,5,1,13,3,25,1,0
0,0,3,17,33,208,1,30,146,0,4.9,63,5.6,8,9,1,18,5,44,0,3
1,1,1,23,51.5,208,4,40,201,4,5.0,71,8.5,17,8,3,28,3,35,1,0
2,1,1,14,31,406,5,47,392,3,8.3,68,10.3,9,21,5,35,7,59,0,1
3,0,3,25,74.2,406,2,35,63,1,1.8,74,5.0,11,6,1,18,7,69,3,0
4,1,0,18,21,307,3,38,135,1,3.6,70,6.5,10,10,1,21,5,54,0,0
5,0,1,17,66.7,307,2,36,229,1,6.4,68,6.4,10,14,3,27,12,110,0,1
6,1,1,17,39,306,2,48,228,4,4.8,74,5.2,5,13,5,23,10,102,0,1
7,0,1,24,64.1,306,1,40,223,3,5.6,71,7.9,13,14,1,28,9,75,0,1
8,1,1,16,32,321,1,52,330,6,6.3,78,7.0,12,14,5,31,11,118,1,0
9,0,1,22,56.3,321,2,38,88,1,2.3,71,5.4,7,8,1,16,12,104,0,1
10,1,0,18,32,203,1,39,305,3,7.8,67,7.7,12,17,1,30,3,28,0,0
11,0,1,14,53.1,203,1,41,297,2,7.2,68,6.5,8,12,2,22,7,65,0,1
12,0,0,12,26,154,1,29,128,1,4.4,50,6.7,9,5,0,14,4,37,0,0
0,0,1,16,27,158,1,51,271,2,5.3,78,5.5,7,16,2,25,2,5,1,0
1,1,1,17,59.3,158,4,36,158,1,4.4,59,7.0,12,8,0,20,5,31,1,0
2,0,1,20,23,254,0,38,95,0,2.5,72,4.1,10,8,3,20,10,63,0,1
3,1,0,13,73.9,254,1,43,261,4,6.1,62,6.4,7,11,1,19,5,40,0,0
4,0,2,24,34,203,2,31,73,1,2.4,64,6.8,13,5,3,21,5,55,0,2
5,1,2,12,58.8,203,3,38,146,1,3.8,63,7.0,8,7,2,17,7,54,0,2
6,0,1,27,19,133,3,34,270,2,7.9,78,7.3,15,11,2,28,3,35,0,1
7,0,2,15,68.4,133,2,30,183,0,6.1,56,6.5,7,7,2,16,7,77,1,1
8,0,1,21,33,359,1,32,135,2,4.2,70,4.7,9,4,2,15,8,76,0,1
9,0,2,18,72.7,359,1,40,213,2,5.3,69,5.0,8,13,4,25,11,95,1,1
10,0,2,14,25,297,0,35,128,0,3.7,63,3.6,6,5,0,11,5,40,1,1
11,0,0,8,48.0,297,0,35,98,0,2.8,51,3.3,2,7,0,9,5,43,0,0
0,0,2,20,29,228,1,44,353,3,8.0,73,8.0,9,13,1,23,5,35,2,0
1,1,0,22,69.0,228,0,38,150,6,3.9,71,6.1,14,8,2,24,7,69,0,0
2,1,3,32,33,283,1,50,219,2,4.4,95,6.0,14,12,0,26,10,104,2,1
3,1,2,22,66.7,283,1,52,279,6,5.4,81,7.5,13,13,1,27,6,65,1,1
4,0,2,17,45,350,1,39,130,0,3.3,63,5.0,6,6,3,15,7,55,1,1
5,0,1,22,71.1,350,2,62,197,1,3.2,91,5.4,15,10,2,27,6,55,0,1
6,0,4,28,29,328,0,35,110,0,3.1,81,4.0,10,8,0,18,8,85,2,2
7,0,1,12,75.9,328,0,38,160,1,4.2,62,5.1,5,7,0,12,5,48,1,0
8,0,2,23,24,184,2,50,135,0,2.7,88,4.3,12,11,3,26,5,42,1,1
9,0,1,13,70.8,184,1,49,196,1,4.0,77,4.5,7,8,5,20,7,65,1,0
10,0,2,33,29,292,0,30,183,2,6.1,80,5.7,17,10,2,29,4,35,1,1
11,0,1,21,75.9,292,0,34,62,0,1.8,69,3.2,9,5,1,15,8,82,0,1
0,1,3,20,26,295,0,31,247,3,8.0,57,9.5,10,12,5,27,6,45,1,2
1,1,1,15,76.9,295,3,32,130,3,4.1,57,6.9,11,6,0,17,5,40,1,0
2,1,2,20,25,261,1,36,118,3,3.3,72,4.6,8,10,2,20,11,72,1,1
3,1,1,19,60.0,261,2,27,97,1,3.6,59,6.7,9,7,0,16,5,25,1,0
4,1,0,23,36,210,3,33,279,4,8.5,64,8.5,12,11,0,23,5,42,0,0
5,1,1,13,55.6,210,1,42,336,6,8.0,65,7.3,6,15,2,23,9,74,1,0
6,1,1,18,32,297,2,21,95,1,4.5,51,5.3,7,7,0,14,11,93,0,1
7,1,1,17,59.4,297,3,37,124,1,3.4,64,5.5,9,9,0,18,3,20,0,1
8,1,3,15,31,263,2,34,116,2,3.4,57,6.8,11,7,0,18,7,52,2,1
9,1,3,31,74.2,263,2,36,202,4,5.6,76,6.7,17,11,2,30,8,70,2,1
10,1,0,21,23,140,5,41,249,2,6.1,71,7.7,13,11,0,24,13,87,0,0
11,1,3,17,56.5,140,2,36,143,2,4.0,64,6.9,13,5,2,20,7,60,1,2
12,1,0,11,30,176,3,28,210,2,7.5,45,8.9,8,5,1,14,6,40,0,0
13,0,0,17,60.0,176,0,26,74,0,2.8,58,3.8,7,6,0,13,6,39,0,0
0,0,4,27,38,174,2,35,77,1,2.2,73,3.4,8,7,1,16,6,50,0,4
1,1,0,23,71.1,174,2,35,144,3,4.1,68,5.8,12,9,2,23,7,89,0,0
2,1,1,18,33,249,2,45,164,3,3.6,74,5.7,16,5,3,24,5,35,0,1
3,1,0,22,69.7,249,1,31,127,2,4.1,62,6.2,12,6,2,20,3,30,0,0
4,1,1,19,29,258,2,33,144,3,4.4,62,6.5,13,5,4,22,11,90,0,1
5,1,0,23,62.1,258,3,36,147,2,4.1,72,6.0,13,5,0,18,8,69,0,0
6,1,1,19,31,257,2,36,87,1,2.4,65,3.9,9,6,1,16,9,75,1,0
7,1,1,27,71.0,257,4,38,77,0,2.0,76,6.4,17,5,1,23,4,60,1,0
8,1,0,21,29,261,3,39,261,4,6.7,65,9.9,19,9,3,31,7,75,0,0
9,1,0,22,65.5,261,2,45,217,3,4.8,81,5.5,14,9,1,24,2,25,0,0
10,1,2,20,36,288,1,36,198,3,5.5,69,6.7,11,12,2,25,11,122,0,2
11,1,1,23,63.9,288,4,32,160,2,5.0,65,7.4,14,8,0,22,4,43,0,1
12,0,1,17,29,169,2,47,86,0,1.8,73,4.6,13,7,2,22,7,58,0,1
13,1,2,26,65.5,169,2,23,119,0,5.2,64,6.3,12,6,1,19,6,34,0,2
0,1,2,25,37,318,4,48,255,1,5.3,85,6.7,14,13,2,29,7,50,0,2
1,1,0,28,67.6,318,3,42,290,6,6.9,86,7.8,20,17,0,37,3,41,0,0
2,0,1,23,44,381,4,34,212,1,6.2,64,6.5,8,12,2,22,7,55,0,1
3,0,2,16,63.6,381,2,29,148,2,5.1,56,5.8,7,7,3,17,5,30,1,1
4,1,1,23,30,204,0,31,165,2,5.3,66,5.4,8,7,1,16,8,80,0,1
5,0,3,16,76.7,204,1,37,155,2,4.2,64,4.6,6,5,3,14,7,47,1,2
6,1,1,13,27,178,2,40,217,1,5.4,61,4.9,6,11,0,17,11,94,0,1
7,1,1,15,59.3,178,5,42,201,2,4.8,64,6.7,12,11,2,24,4,34,0,1
8,1,1,19,35,194,2,30,50,0,1.7,56,5.0,8,5,0,13,4,29,1,0
9,0,1,20,65.7,194,1,28,124,3,4.4,65,5.1,9,5,1,15,6,54,1,0
10,1,1,24,27,141,3,35,280,4,8.0,67,8.0,11,10,2,23,7,80,1,0
11,1,0,15,59.3,141,1,27,173,1,6.4,54,5.3,5,7,0,12,7,50,0,0
12,1,0,15,21,80,1,50,288,2,5.8,75,5.8,8,10,2,20,4,42,0,0
0,0,2,22,41,295,2,24,86,0,3.6,65,5.9,14,4,2,20,7,90,1,1
1,0,2,12,53.7,295,1,38,116,1,3.1,63,4.3,5,6,1,12,3,20,0,2
2,1,1,31,25,152,3,40,166,3,4.2,90,6.2,17,7,3,27,5,50,1,0
3,1,2,17,48.0,152,1,33,150,2,4.5,59,6.6,8,5,1,14,9,118,0,2
4,1,0,22,50,395,3,44,310,4,7.0,78,7.8,12,11,2,25,5,51,0,0
5,0,3,20,62.0,395,1,39,141,0,3.6,71,5.1,9,9,3,21,4,20,2,1
6,0,3,23,26,238,2,35,82,1,2.3,72,5.0,9,6,2,17,7,60,3,0
7,1,3,21,65.4,238,1,51,251,2,4.9,86,5.5,13,16,1,30,4,30,3,0
8,1,2,17,34,302,3,42,246,3,5.9,68,6.6,9,11,2,22,5,25,0,2
9,1,2,29,64.7,302,0,56,189,3,3.4,102,4.9,17,14,1,32,3,27,0,2
10,1,0,27,32,219,3,35,158,1,4.5,67,8.4,15,8,1,24,6,50,0,0
11,0,2,20,62.5,219,1,38,54,0,1.4,77,3.7,13,5,1,19,5,50,1,1
0,0,3,15,28,202,0,34,247,2,7.3,62,7.2,9,9,1,19,12,122,1,2
1,0,0,19,53.6,202,0,39,123,2,3.2,66,5.3,9,6,3,18,6,61,0,0
2,0,2,31,27,224,2,28,73,0,2.6,82,6.1,17,5,3,25,11,100,0,2
3,1,1,17,70.4,224,3,49,308,2,6.3,74,9.0,12,13,1,26,10,84,0,1
4,0,3,20,54,428,1,28,31,0,1.1,67,4.3,10,2,2,14,11,119,0,3
5,1,0,11,57.4,428,2,46,234,3,5.1,67,6.2,6,13,0,19,5,40,0,0
6,1,3,23,25,355,2,49,269,2,5.5,89,6.2,14,15,2,31,5,50,1,2
7,0,2,13,68.0,355,1,30,129,0,4.3,53,5.5,7,4,2,13,8,70,1,1
8,0,1,18,39,258,1,57,297,1,5.2,84,5.4,6,18,2,26,6,44,1,0
9,1,4,19,51.3,258,1,46,195,1,4.2,76,5.0,9,9,3,21,3,35,1,3
10,1,2,18,21,182,2,40,217,3,5.4,70,7.3,15,7,3,25,6,70,2,0
11,1,2,18,52.4,182,1,36,130,3,3.6,69,5.4,9,8,5,22,6,50,0,2
12,1,0,22,40,281,2,65,244,1,3.8,99,5.3,15,17,3,35,8,85,0,0
0,1,0,26,35,319,7,37,182,1,4.9,72,7.0,16,9,2,27,2,10,0,0
1,1,4,21,74.3,319,4,31,225,1,7.3,64,8.4,10,8,2,20,6,70,2,2
2,1,0,36,33,311,5,38,183,0,4.8,86,6.7,18,13,0,31,8,85,0,0
3,1,3,17,63.6,311,4,52,350,2,6.7,80,7.4,10,19,0,29,4,30,0,3
4,1,1,29,48,395,4,40,162,1,4.1,82,5.6,16,11,3,30,4,40,0,1
5,1,2,30,75.0,395,2,29,80,1,2.8,69,5.9,14,7,1,22,6,45,1,1
6,1,0,31,28,245,3,38,174,4,4.6,82,7.5,22,8,1,31,5,61,0,0
7,0,1,24,60.7,245,3,24,50,1,2.1,61,5.8,11,4,3,18,3,22,0,1
8,0,3,19,42,301,2,29,61,1,2.1,57,5.7,8,8,0,16,7,60,2,1
9,1,1,39,69.0,301,3,36,241,4,6.7,94,6.7,24,10,2,36,5,52,0,1
10,0,1,15,40,324,1,31,133,1,4.3,57,3.5,4,9,2,15,3,27,1,0
11,0,2,26,75.0,324,1,36,107,3,3.0,83,4.9,12,10,1,23,14,125,0,2
0,1,0,19,32,265,1,52,324,3,6.2,84,7.0,14,14,4,32,6,55,0,0
1,1,2,22,59.4,265,5,37,263,3,7.1,70,9.7,12,10,2,24,7,51,2,0
2,1,1,16,33,417,2,25,87,0,3.5,53,4.6,6,5,1,12,6,55,0,1
3,0,2,15,66.7,417,1,31,87,2,2.8,56,7.4,9,5,2,16,8,73,2,0
4,0,2,24,28,159,3,38,157,1,4.1,78,5.9,13,10,2,25,4,45,2,0
5,0,3,34,57.1,159,2,42,151,2,3.6,99,6.2,22,9,2,33,4,30,1,2
6,1,1,8,25,329,2,34,200,3,5.9,46,9.0,6,9,0,15,4,35,0,1
7,0,4,31,60.0,329,0,30,82,1,2.7,78,3.8,12,6,6,24,4,25,1,3
8,1,1,35,40,305,3,34,54,1,1.6,88,5.5,19,3,3,25,4,25,0,1
9,0,1,15,60.0,305,3,25,108,1,4.3,53,6.4,9,6,1,16,2,20,0,1
10,0,2,22,57,463,1,28,106,0,3.8,74,4.4,11,7,6,24,5,31,0,2
11,1,0,27,59.6,463,3,34,56,1,1.6,76,5.2,17,5,2,24,4,30,0,0
0,0,2,5,16,61,0,76,337,1,4.4,92,4.3,3,21,0,24,4,22,0,2
1,0,1,3,31.3,61,0,34,36,0,1.1,44,1.5,2,2,2,6,2,27,1,0
2,0,1,4,10,32,0,51,189,2,3.7,59,4.9,4,11,1,16,3,22,1,0
3,1,2,2,30.0,32,0,76,348,3,4.6,80,5.1,1,24,1,26,8,72,2,0
4,0,0,4,8,98,1,53,177,1,3.3,60,4.0,2,10,0,12,6,30,0,0
5,0,0,4,50.0,98,1,65,198,1,3.0,71,3.4,2,14,2,18,4,49,0,0
6,0,1,11,4,58,0,67,192,2,2.9,84,3.7,5,12,5,22,3,25,0,1
7,1,0,0,50.0,58,0,60,302,2,5.0,64,4.7,0,14,2,16,5,45,0,0
8,0,0,1,7,64,0,55,166,0,3.0,58,3.2,1,9,1,11,6,44,0,0
9,0,0,4,57.1,64,2,44,345,2,7.8,48,8.0,1,15,1,17,4,33,0,0
10,1,1,6,6,43,2,58,220,3,3.8,70,4.2,3,18,0,21,3,25,1,0
11,1,0,4,66.7,43,0,48,201,2,4.2,54,5.2,3,10,0,13,5,40,0,0
0,0,4,8,27,148,0,36,113,2,3.1,63,4.1,6,6,1,13,6,30,2,2
1,1,0,19,29.6,148,2,34,177,2,5.2,57,7.6,10,8,1,19,7,70,0,0
2,0,0,17,23,255,0,36,78,0,2.2,60,4.0,6,6,1,13,11,66,0,0
3,1,1,22,82.6,255,2,29,115,3,4.0,62,6.6,10,8,4,22,4,30,1,0
4,1,0,36,24,161,3,32,159,1,5.0,82,5.9,14,8,1,23,3,28,0,0
5,0,3,18,70.8,161,0,29,84,0,2.9,61,3.8,8,6,0,14,5,30,2,1
6,0,2,12,33,292,1,14,48,1,3.4,35,6.6,6,2,0,8,6,55,0,2
7,0,3,19,66.7,292,1,33,130,0,3.9,68,4.4,8,6,1,15,8,63,3,0
8,0,0,14,50,322,0,30,99,0,3.3,64,2.6,3,8,0,11,4,42,0,0
9,0,3,11,72.0,322,0,23,99,1,4.3,48,4.5,4,5,1,10,5,30,0,3
10,0,1,23,32,150,1,35,122,0,3.5,73,4.0,8,6,4,18,6,70,0,1
11,0,3,15,56.3,150,0,28,84,2,3.0,50,3.6,5,5,1,11,4,14,3,0
0,0,3,14,33,167,0,32,104,0,3.3,65,4.2,6,7,2,15,6,70,0,3
1,0,1,17,42.4,167,0,41,109,2,2.7,71,4.2,9,8,3,20,2,30,0,1
2,1,1,12,30,188,1,46,245,4,5.3,72,5.7,8,10,0,18,5,55,1,0
3,0,1,17,56.7,188,0,48,181,3,3.8,72,5.1,8,13,2,23,4,30,1,0
4,0,1,14,26,163,0,37,113,2,3.1,59,5.7,11,6,2,19,8,75,1,0
5,0,1,11,46.2,163,0,31,113,2,3.6,57,4.7,7,5,1,13,5,47,1,0
6,1,1,15,24,186,1,72,445,3,6.2,93,5.9,6,27,1,34,3,30,1,0
7,0,4,15,70.8,186,1,30,199,1,6.6,60,6.5,11,7,1,19,5,53,1,3
8,0,2,22,22,223,2,27,110,2,4.1,73,5.5,14,8,1,23,6,36,0,2
9,0,4,16,63.6,223,1,38,101,3,2.7,68,5.1,10,8,3,21,4,40,2,2
10,0,2,20,26,155,0,40,123,2,3.1,76,3.9,5,13,0,18,5,42,1,1
11,0,0,18,42.3,155,0,44,90,1,2.0,74,4.2,12,8,1,21,8,45,0,0
0,0,3,27,45,296,3,32,100,2,3.1,77,5.1,14,8,2,24,6,48,3,0
1,1,2,21,60.0,296,4,49,294,3,6.0,83,7.0,12,18,2,32,6,64,0,2
2,0,1,10,34,290,2,38,139,1,3.7,56,5.4,6,7,1,14,11,108,1,0
3,0,4,28,61.8,290,3,28,90,0,3.2,78,5.1,13,6,5,24,5,63,2,2
4,0,4,23,18,166,1,31,124,3,4.0,69,5.9,10,8,1,19,3,15,1,3
5,0,1,20,55.6,166,2,38,94,1,2.5,69,4.5,10,5,2,17,6,51,1,0
6,0,1,11,50,305,3,39,194,1,5.0,64,6.7,8,8,2,18,7,38,0,1
7,0,4,9,56.0,305,0,45,187,1,4.2,63,4.4,5,12,0,17,9,67,2,2
8,0,0,17,38,280,0,35,132,1,3.8,63,4.4,7,5,1,13,5,39,0,0
9,0,0,13,60.5,280,1,32,130,0,4.1,63,4.9,5,5,2,12,9,65,0,0
10,1,1,19,31,214,3,35,190,3,5.4,59,8.5,10,9,0,19,0,0,0,1
11,0,4,15,64.5,214,1,43,307,3,7.1,77,5.9,10,15,0,25,5,55,2,2
0,1,1,15,24,148,0,45,241,2,5.4,69,5.6,8,14,0,22,11,99,1,0
1,1,0,19,62.5,148,3,43,419,5,9.7,69,10.3,11,21,1,33,3,32,0,0
2,1,2,19,26,295,2,45,307,4,6.8,69,8.3,12,17,0,29,5,45,2,0
3,1,1,14,73.1,295,2,31,126,1,4.1,50,5.7,6,9,0,15,9,100,1,0
4,0,0,13,24,269,0,29,107,2,3.7,56,5.0,4,4,2,10,9,58,0,0
5,1,0,20,79.2,269,4,32,171,2,5.3,63,8.3,14,6,1,21,6,59,0,0
6,1,1,18,19,159,1,47,303,4,6.4,75,7.1,9,13,0,22,0,0,0,1
7,1,2,18,73.7,159,1,40,234,3,5.9,71,6.1,11,11,1,23,1,10,0,2
8,0,2,14,27,173,3,36,179,1,5.0,56,7.0,8,8,1,17,6,65,0,2
9,1,2,12,48.1,173,1,44,301,2,6.8,65,6.4,6,14,4,24,7,55,1,1
10,1,1,25,31,354,1,46,177,1,3.8,81,4.8,10,11,1,22,3,25,1,0
11,1,0,20,64.5,354,2,50,180,1,3.6,84,5.2,13,11,1,25,3,25,0,0
12,1,2,23,28,231,3,33,62,0,1.9,61,4.0,7,7,1,15,7,49,2,0
13,1,1,7,64.3,231,1,41,279,1,6.8,58,5.5,1,10,1,12,5,55,0,1
0,1,3,22,40,315,1,28,54,2,1.9,68,5.4,12,3,1,16,10,68,2,1
1,1,1,15,55.0,315,2,43,140,1,3.3,69,4.5,9,8,2,19,7,70,0,1
2,1,1,6,26,173,0,57,246,3,4.3,70,4.7,4,10,1,15,5,40,1,0
3,1,0,22,57.7,173,2,43,137,1,3.2,77,6.2,14,8,3,25,8,79,0,0
4,1,3,13,13,82,1,59,219,2,3.7,82,4.9,10,12,2,24,6,60,0,3
5,1,1,19,46.2,82,1,49,220,1,4.5,82,4.9,11,10,4,25,7,65,0,1
6,0,0,15,34,344,3,32,107,0,3.3,56,5.9,9,5,2,16,7,72,0,0
7,1,0,20,64.7,344,4,47,292,3,6.2,79,6.8,13,16,2,31,1,15,0,0
8,1,1,21,23,182,2,32,103,1,3.2,63,4.5,8,7,2,17,7,55,0,1
9,1,2,17,56.5,182,1,62,447,8,7.2,87,7.8,11,21,5,37,1,15,2,0
10,1,0,19,33,178,1,48,188,1,3.9,87,4.9,11,12,4,27,9,87,0,0
11,1,3,19,57.6,178,1,35,145,3,4.1,65,5.5,12,7,2,21,6,60,1,2
12,0,4,32,24,225,0,40,70,1,1.8,87,3.8,14,8,4,26,6,50,0,4
13,1,2,34,62.5,225,4,44,234,0,5.3,95,6.4,19,14,1,34,4,45,2,0
0,1,2,31,40,314,1,32,122,3,3.8,72,6.1,15,7,2,24,7,50,0,2
1,1,0,27,77.5,314,5,38,277,5,7.3,76,8.2,17,12,2,31,6,61,0,0
2,1,0,24,38,347,1,35,194,2,5.5,69,5.9,10,10,1,21,7,70,0,0
3,1,1,26,71.1,347,1,28,57,0,2.0,64,4.9,13,4,2,19,4,35,0,1
4,1,1,23,34,214,2,32,131,2,4.1,60,6.5,11,10,1,22,10,85,0,1
5,1,2,24,70.6,214,2,41,339,4,8.3,81,8.2,12,14,0,26,2,15,1,1
6,1,1,18,36,256,4,35,230,3,6.6,58,9.1,11,10,4,25,3,15,1,0
7,1,1,15,72.2,256,2,34,220,3,6.5,54,7.4,8,9,1,18,10,65,0,1
8,1,0,28,28,261,7,20,72,0,3.6,55,9.8,24,1,1,26,5,60,0,0
9,0,2,13,82.1,261,0,29,82,2,2.8,53,4.9,9,5,3,17,9,86,0,2
10,1,1,9,40,323,1,34,209,2,6.1,53,5.8,5,9,1,15,4,42,0,1
11,0,2,20,60.0,323,3,44,189,0,4.3,83,5.3,12,7,2,21,12,74,2,0
12,1,0,21,23,295,3,43,322,3,7.5,70,8.1,12,13,2,27,8,71,0,0
0,1,0,21,26,199,0,34,136,1,4.0,60,5.6,9,7,1,17,4,31,0,0
1,0,4,24,80.8,199,1,27,87,1,3.2,70,4.8,13,6,2,21,4,25,1,3
2,1,1,23,43,252,3,37,184,3,5.0,67,7.4,15,11,1,27,7,52,1,0
3,0,1,22,55.8,252,1,40,216,2,5.4,73,6.6,14,9,4,27,3,25,0,1
4,1,0,19,30,309,4,33,290,4,8.8,60,9.4,11,14,0,25,5,35,0,0
5,1,0,22,76.7,309,1,35,210,2,6.0,60,7.0,13,6,0,19,4,34,0,0
6,1,0,27,33,263,2,33,67,1,2.0,66,5.7,13,2,3,18,4,40,0,0
7,0,1,16,66.7,263,1,34,239,2,7.0,61,7.0,5,10,1,16,5,35,1,0
8,1,1,28,27,274,1,34,175,2,5.1,73,6.5,14,6,3,23,6,45,1,0
9,0,2,32,70.4,274,3,25,89,2,3.6,67,6.6,19,4,3,26,5,40,0,2
10,0,3,35,25,208,2,35,51,1,1.5,87,4.1,15,7,3,25,6,50,1,2
11,1,0,21,88.0,208,2,21,281,4,13.4,51,10.6,14,8,0,22,2,20,0,0
12,0,1,23,33,307,1,21,66,0,3.1,60,4.5,9,4,1,14,8,70,0,1
0,1,1,9,14,144,0,32,200,3,6.3,46,7.5,5,8,2,15,9,80,0,1
1,1,4,11,64.3,144,0,49,208,4,4.2,70,5.4,7,17,0,24,5,40,2,2
2,1,0,9,21,172,1,48,269,3,5.6,61,6.5,6,15,1,22,6,45,0,0
3,0,2,14,52.4,172,1,25,62,0,2.5,56,4.6,8,4,1,13,4,41,1,1
4,0,1,29,13,129,3,27,100,0,3.7,68,6.2,12,9,1,22,7,50,1,0
5,0,1,15,69.2,129,2,33,136,1,4.1,56,6.1,12,8,1,21,4,15,0,1
6,1,2,24,31,198,1,28,71,2,2.5,58,6.3,10,6,1,17,12,93,2,0
7,1,1,13,45.2,198,1,34,146,3,4.3,55,7.1,9,6,1,16,4,46,0,1
8,1,0,21,41,320,1,30,242,4,8.1,57,8.8,9,11,2,22,8,65,0,0
9,1,0,14,70.7,320,1,39,163,2,4.2,58,5.2,6,8,1,15,1,10,0,0
10,0,2,15,23,206,0,21,105,1,5.0,51,5.2,6,4,2,12,2,17,1,1
11,0,0,9,65.2,206,0,35,228,2,6.5,48,6.1,5,8,0,13,1,14,0,0
12,1,0,21,30,296,3,34,183,3,5.4,62,7.1,13,8,1,22,7,75,0,0
0,0,4,24,40,277,1,21,48,2,2.3,61,5.3,13,4,1,18,4,20,2,2
1,1,1,20,60.0,277,3,55,198,5,3.6,86,6.3,14,14,1,29,6,75,1,0
2,1,2,15,31,344,2,33,173,1,5.2,60,6.1,9,7,2,18,9,65,1,1
3,0,1,23,64.5,344,0,28,68,1,2.4,62,4.0,10,7,1,18,7,43,0,1
4,0,1,26,27,193,1,27,94,1,3.5,62,6.8,13,8,1,22,6,48,1,0
5,0,1,24,55.6,193,1,38,90,1,2.4,75,4.8,11,9,4,24,8,68,0,1
6,1,0,22,34,179,0,41,229,3,5.6,70,7.0,10,12,2,24,5,45,0,0
7,1,2,30,67.6,179,3,29,122,2,4.2,76,6.5,18,7,3,28,5,55,0,2
8,0,2,16,35,330,0,33,17,0,0.5,57,2.3,5,4,2,11,3,27,1,1
9,0,3,27,74.3,330,2,26,77,0,3.0,71,4.9,15,5,0,20,2,26,1,2
10,1,0,28,37,272,3,43,158,1,3.7,87,5.3,16,10,2,28,3,19,0,0
11,1,2,17,64.9,272,3,50,261,1,5.2,72,6.1,7,14,2,23,5,50,1,1
12,0,1,18,29,258,0,27,66,1,2.4,58,3.6,7,7,1,15,4,20,0,1
0,1,1,17,24,231,1,28,145,3,5.2,52,7.2,7,6,2,15,6,47,1,0
1,1,4,12,70.8,231,1,28,190,3,6.8,50,7.3,4,7,0,11,6,70,2,2
2,1,1,27,22,174,4,37,177,2,4.8,74,7.9,17,11,3,31,9,75,1,0
3,0,2,27,54.5,174,3,33,128,2,3.9,68,7.6,12,7,1,20,7,59,0,2
4,1,1,23,37,407,0,30,80,2,2.7,65,5.3,13,7,0,20,2,20,0,1
5,0,1,23,73.0,407,0,37,214,4,5.8,78,7.2,15,10,1,26,4,25,0,1
6,1,2,18,35,392,1,41,246,4,6.0,66,6.7,8,15,0,23,1,5,1,1
7,0,1,10,77.1,392,0,37,170,3,4.6,56,5.7,5,7,2,14,5,40,0,1
8,0,3,24,35,266,2,32,104,1,3.3,66,5.7,12,7,3,22,6,50,1,2
9,1,1,25,65.7,266,3,34,207,2,6.1,67,7.9,12,10,1,23,5,50,0,1
10,0,1,10,41,344,0,26,25,0,1.0,58,1.9,5,1,4,10,8,51,1,0
11,0,2,15,56.1,344,2,28,124,1,4.4,52,7.4,9,6,1,16,3,38,2,0
12,1,0,15,25,194,1,44,260,3,5.9,72,7.1,11,13,0,24,6,50,0,0
0,1,0,18,26,265,3,42,170,2,4.0,68,6.4,12,9,0,21,7,64,0,0
1,0,1,13,69.2,265,0,41,139,3,3.4,64,4.0,7,6,2,15,4,20,1,0
2,1,1,17,23,118,2,41,427,6,10.4,62,10.0,8,16,2,26,2,12,0,1
3,1,1,18,56.5,118,5,52,336,4,6.5,75,8.5,10,16,1,27,5,31,0,1
4,1,1,12,21,193,1,50,273,2,5.5,72,5.8,6,16,3,25,9,97,0,1
5,0,1,20,81.0,193,5,27,128,1,4.7,61,8.5,13,6,0,19,6,28,1,0
6,0,2,15,23,303,1,33,138,2,4.2,60,5.3,8,7,1,16,9,80,0,2
7,0,2,23,78.3,303,2,29,102,1,3.5,67,5.7,12,5,1,18,4,30,1,1
8,0,2,16,22,142,1,35,104,0,3.0,64,3.2,4,7,0,11,7,64,2,0
9,0,4,33,54.5,142,7,32,164,1,5.1,81,7.1,18,10,2,30,10,97,2,2
10,0,1,14,34,388,1,28,203,2,7.3,58,6.1,7,9,0,16,4,41,0,1
11,1,1,18,58.8,388,1,44,209,1,4.8,68,5.6,9,10,1,20,2,15,0,1
0,1,1,18,24,253,2,38,178,4,4.7,62,7.0,13,9,4,26,5,45,0,1
1,1,1,17,75.0,253,3,50,271,2,5.4,81,6.2,11,16,4,31,6,59,0,1
2,0,1,16,31,234,3,30,170,1,5.7,58,7.7,13,6,1,20,9,61,1,0
3,0,3,20,54.8,234,1,41,169,2,4.1,69,5.1,9,11,4,24,7,80,3,0
4,1,0,8,28,276,1,47,394,5,8.4,57,8.7,4,14,0,18,4,50,0,0
5,0,1,20,57.1,276,4,37,183,0,4.9,67,7.9,12,9,0,21,9,101,1,0
6,0,3,16,28,182,1,34,149,0,4.4,60,6.6,11,7,1,19,7,45,1,2
7,0,2,18,71.4,182,0,41,156,1,3.8,69,4.9,10,6,1,17,6,45,2,0
8,1,1,30,10,104,2,32,102,1,3.2,74,7.7,19,6,2,27,13,111,1,0
9,0,0,12,80.0,104,0,32,133,1,4.2,53,6.3,5,7,1,13,12,79,0,0
10,1,2,10,30,346,0,48,327,4,6.8,64,7.7,5,14,0,19,3,37,1,1
11,0,1,15,66.7,346,2,39,132,0,3.4,65,5.4,7,10,1,18,4,24,0,1
0,1,0,17,26,163,2,40,84,0,2.1,66,3.7,7,4,1,12,7,51,0,0
1,0,0,15,65.4,163,0,38,172,3,4.5,67,6.1,8,7,1,16,6,43,0,0
2,0,1,8,29,238,1,32,132,0,4.1,50,3.8,2,5,1,8,2,20,1,0
3,0,2,19,51.7,238,2,40,207,2,5.2,72,7.4,10,10,1,21,5,65,0,2
4,0,2,11,18,57,0,44,175,1,4.0,66,4.6,8,10,0,18,2,15,1,1
5,0,1,15,44.4,57,2,33,145,0,4.4,61,4.5,8,9,0,17,5,30,0,1
6,0,1,17,32,323,1,42,166,2,4.0,65,6.3,15,7,1,23,5,50,1,0
7,0,3,9,59.4,323,0,33,99,0,3.0,51,2.8,2,4,1,7,4,45,0,3
8,0,0,19,22,127,1,30,88,0,2.9,59,4.6,7,6,2,15,4,21,0,0
9,1,0,21,50.0,127,3,43,218,4,5.1,73,5.8,11,10,1,22,4,30,0,0
10,0,1,22,28,128,2,31,124,2,4.0,61,6.2,12,8,1,21,1,0,0,1
11,0,2,22,53.6,128,1,27,87,1,3.2,59,5.7,9,5,1,15,4,34,0,2
0,1,0,13,17,216,3,43,335,3,7.8,60,9.2,6,15,1,22,5,48,0,0
1,1,0,7,76.5,216,0,56,343,4,6.1,71,5.5,2,17,1,20,6,60,0,0
2,1,0,12,15,44,1,48,373,8,7.8,65,9.3,9,18,1,28,5,45,0,0
3,1,0,9,46.7,44,0,38,112,2,2.9,54,5.1,6,6,3,15,6,59,0,0
4,1,1,18,17,233,3,44,112,1,2.5,74,4.9,9,6,0,15,3,10,0,1
5,1,1,22,70.6,233,0,42,204,3,4.9,81,5.7,12,12,2,26,6,55,0,1
6,1,2,23,16,163,0,54,294,4,5.4,86,5.3,10,16,2,28,4,40,2,0
7,0,2,31,56.3,163,3,34,146,0,4.3,82,6.7,17,8,2,27,8,59,1,1
8,1,1,15,30,253,2,38,188,1,4.9,66,6.2,9,9,1,19,5,35,0,1
9,1,1,19,60.0,253,3,41,144,0,3.5,70,5.2,7,13,1,21,4,20,1,0
10,1,0,29,39,255,3,35,151,3,4.3,75,6.7,10,13,1,24,6,50,0,0
11,1,1,14,56.4,255,0,41,297,6,7.2,61,8.0,5,16,3,24,2,20,0,1
12,1,2,18,32,163,2,34,211,4,6.2,62,7.4,10,9,2,21,4,50,0,2
13,0,3,18,71.9,163,1,27,91,0,3.4,63,5.2,9,6,1,16,4,30,1,2
0,1,1,13,22,294,4,26,201,1,7.7,48,10.3,8,8,1,17,5,48,0,1
1,0,1,35,59.1,294,3,31,128,1,4.1,85,7.2,23,8,1,32,8,71,0,1
2,1,2,15,54,484,1,40,325,3,8.1,65,7.8,11,13,0,24,8,81,1,1
3,1,1,18,64.8,484,2,35,237,5,6.8,61,10.2,10,16,0,26,8,95,0,1
4,1,0,18,25,185,5,37,208,1,5.6,64,8.5,12,11,2,25,6,65,0,0
5,1,0,26,60.0,185,5,33,166,3,5.0,71,8.4,21,8,0,29,4,40,0,0
6,1,0,28,26,385,4,32,187,3,5.8,69,7.8,21,9,1,31,5,40,0,0
7,1,1,22,69.2,385,1,32,165,1,5.2,66,7.1,13,5,4,22,10,74,1,0
8,1,2,36,27,333,2,30,90,0,3.0,84,5.9,18,6,1,25,8,65,0,2
9,1,0,31,66.7,333,5,31,263,3,8.5,69,9.0,17,11,2,30,5,50,0,0
10,1,1,36,38,432,6,43,206,2,4.8,86,7.6,21,13,2,36,1,5,0,1
11,0,0,34,68.4,432,2,30,64,1,2.1,79,5.8,19,4,0,23,10,66,0,0
12,1,2,37,37,352,6,20,110,0,5.5,67,10.2,21,5,2,28,7,70,1,1
0,1,1,15,26,185,1,37,326,4,8.8,63,8.1,11,11,1,23,5,50,1,0
1,1,1,20,57.7,185,4,38,272,2,7.2,66,8.9,9,15,1,25,7,56,1,0
2,1,0,18,28,315,4,41,193,1,4.7,72,6.3,9,12,2,23,9,80,0,0
3,1,1,14,71.4,315,1,30,71,0,2.4,53,4.8,6,4,2,12,5,44,0,1
4,1,0,20,31,261,1,43,192,4,4.5,73,7.1,13,10,3,26,6,60,0,0
5,1,2,16,58.1,261,3,36,261,1,7.3,63,9.5,10,10,0,20,9,68,1,1
6,1,2,15,23,183,1,35,100,0,2.9,62,3.9,6,6,2,14,12,134,0,2
7,1,2,19,60.9,183,0,36,199,5,5.5,66,6.0,11,7,2,20,7,75,0,2
8,0,2,20,30,327,2,33,182,2,5.5,63,7.3,12,8,1,21,6,70,1,1
9,1,2,22,66.7,327,4,44,194,2,4.4,74,6.5,13,9,6,28,8,79,1,1
10,0,1,16,27,339,1,21,66,0,3.1,59,3.8,7,5,0,12,3,30,1,0
11,1,1,19,59.3,339,2,47,183,2,3.9,77,5.9,13,6,2,21,7,50,0,1
12,1,2,29,27,141,3,36,56,0,1.6,86,4.8,17,7,1,25,6,35,1,1
0,1,0,18,33,247,1,18,50,1,2.8,51,5.8,8,1,2,11,7,79,0,0
1,1,0,22,54.5,247,2,48,240,2,5.0,79,6.2,15,16,1,32,6,62,0,0
2,1,1,29,31,253,2,33,84,2,2.5,66,5.8,15,5,2,22,5,35,0,1
3,1,1,22,71.0,253,4,34,80,1,2.4,65,7.8,13,6,1,20,3,35,0,1
4,1,1,18,33,302,3,42,209,0,5.0,76,5.4,9,10,1,20,5,37,0,1
5,0,4,22,87.9,302,0,33,107,2,3.2,79,3.6,11,6,1,18,10,61,0,4
6,0,0,19,31,429,1,29,62,0,2.1,63,3.6,9,4,1,14,7,81,0,0
7,0,3,35,71.0,429,1,29,33,2,1.1,81,4.9,19,5,3,27,7,56,2,1
8,1,0,27,34,199,3,33,93,0,2.8,80,5.7,14,9,0,23,7,54,0,0
9,0,1,24,52.9,199,1,42,109,0,2.6,86,3.9,10,10,0,20,4,29,1,0
10,1,0,17,46,180,3,42,149,1,3.5,74,5.5,12,7,2,21,4,50,0,0
11,0,2,23,47.8,180,3,26,61,0,2.3,60,6.2,15,4,0,19,2,17,2,0
12,0,2,15,34,165,1,28,125,0,4.5,63,5.1,8,8,1,17,3,10,0,2
0,1,0,26,36,332,3,41,169,0,4.1,77,6.5,11,11,0,22,5,39,0,0
1,1,0,27,72.2,332,4,49,227,4,4.6,81,7.1,14,17,1,32,6,55,0,0
2,1,2,32,32,347,1,27,131,1,4.9,70,6.9,15,9,0,24,8,63,2,0
3,1,2,31,84.4,347,3,27,143,2,5.3,68,7.8,13,9,1,23,9,120,1,1
4,0,7,21,43,350,2,17,97,0,5.7,54,5.0,7,6,1,14,10,82,1,6
5,0,2,28,74.4,350,2,36,56,0,1.6,75,4.5,14,7,1,22,2,15,0,2
6,0,1,17,41,384,1,23,79,1,3.4,50,5.4,6,7,1,14,8,79,1,0
7,1,0,26,75.6,384,2,43,84,3,2.0,83,6.1,20,5,5,30,5,40,0,0
8,0,2,41,37,174,1,27,48,1,1.8,85,4.9,17,8,4,29,4,25,1,1
9,0,1,29,56.8,174,2,25,101,1,4.0,73,6.2,14,7,3,24,13,93,0,1
10,0,1,19,39,279,1,44,181,1,4.1,77,4.7,8,12,0,20,8,59,0,1
11,1,0,21,71.8,279,3,45,263,3,5.8,75,7.7,14,13,0,27,7,39,0,0
12,1,0,21,27,189,2,28,206,3,7.4,53,9.1,11,11,0,22,3,35,0,0
0,1,0,16,29,145,1,51,220,6,4.3,80,4.6,8,13,0,21,1,15,0,0
1,1,0,22,55.2,145,1,42,50,1,1.2,70,2.8,4,10,1,15,4,40,0,0
2,1,0,23,28,145,2,38,163,3,4.3,67,7.4,12,11,1,24,2,30,0,0
3,0,1,18,78.6,145,1,42,196,0,4.7,73,4.8,6,13,2,21,7,42,1,0
4,0,3,28,29,330,2,31,111,0,3.6,71,4.9,10,6,2,18,3,25,0,3
5,0,1,22,79.3,330,1,36,111,0,3.1,77,4.9,12,6,2,20,7,65,1,0
6,0,1,19,31,156,1,34,63,0,1.9,66,3.4,5,7,1,13,11,90,1,0
7,1,0,13,58.1,156,0,51,230,2,4.5,78,5.0,6,17,0,23,3,15,0,0
8,0,4,13,40,235,0,30,95,0,3.2,57,3.6,5,5,1,11,4,39,1,3
9,1,0,10,70.0,235,0,50,218,5,4.4,69,4.6,3,15,0,18,7,60,0,0
10,0,1,13,41,266,0,32,67,0,2.1,60,2.7,5,3,2,10,8,55,0,1
11,0,1,16,53.7,266,0,33,168,2,5.1,63,5.4,5,9,2,16,1,4,0,1
12,0,2,18,32,159,0,29,110,1,3.8,62,4.4,9,6,2,17,7,49,0,2
0,0,3,14,33,156,0,31,77,0,2.5,64,3.6,5,5,1,11,7,67,0,3
1,1,0,13,42.4,156,3,50,179,3,3.6,70,4.8,7,11,2,20,5,50,0,0
2,0,4,17,20,159,2,37,152,1,4.1,77,4.9,10,9,1,20,5,45,1,3
3,1,0,35,65.0,159,0,36,139,3,3.9,89,5.8,23,9,3,35,4,20,0,0
4,0,2,16,40,224,0,24,69,0,2.9,58,4.6,8,3,1,12,3,20,0,2
5,0,3,28,42.5,224,0,36,134,1,3.7,88,3.7,9,10,5,24,4,35,1,2
6,0,0,8,53,373,1,37,48,0,1.3,54,2.4,5,4,1,10,1,7,0,0
7,0,0,14,66.0,373,2,42,204,2,4.9,67,6.7,8,8,1,17,7,65,0,0
8,0,1,10,34,195,0,35,107,1,3.1,60,3.3,5,6,0,11,3,30,1,0
9,0,6,18,47.1,195,0,32,85,0,2.7,74,3.5,7,7,4,18,5,40,4,2
10,0,2,8,52,188,1,32,143,1,4.5,51,4.3,4,8,0,12,4,50,0,2
11,0,1,18,53.8,188,0,32,58,1,1.8,62,3.3,6,7,4,17,8,67,0,1
0,1,2,13,28,145,0,36,158,2,4.4,64,4.7,10,6,2,18,2,20,2,0
1,1,0,11,46.4,145,1,39,67,1,1.7,60,2.9,5,5,1,11,5,50,0,0
2,1,1,26,21,106,1,38,206,3,5.4,75,5.6,12,8,1,21,8,73,1,0
3,1,1,15,52.4,106,2,32,54,1,1.7,55,5.1,7,4,1,12,2,20,0,1
4,1,0,23,37,212,3,42,145,3,3.5,80,5.4,11,8,5,24,9,63,0,0
5,1,1,17,70.3,212,2,45,110,0,2.4,76,4.0,9,8,1,18,4,42,0,1
6,0,4,17,23,224,0,29,78,1,2.7,61,4.5,10,7,0,17,3,28,0,4
7,0,3,12,65.2,224,0,30,24,1,0.8,55,2.8,5,3,1,9,2,12,3,0
8,1,0,20,38,283,0,38,185,2,4.9,70,5.2,10,8,1,19,3,30,0,0
9,1,1,11,60.5,283,2,25,71,1,2.8,49,5.7,8,3,1,12,3,30,1,0
10,1,1,6,31,195,0,52,172,1,3.3,70,3.6,5,11,2,18,3,22,0,1
11,1,1,13,54.8,195,0,37,186,1,5.0,64,5.7,9,7,3,19,4,25,1,0
12,0,1,19,32,195,0,33,104,0,3.2,71,3.9,10,2,3,15,5,55,0,1
13,0,3,19,53.1,195,1,30,173,1,5.8,60,6.4,12,6,2,20,4,35,0,3
0,0,2,14,25,205,1,50,203,3,4.1,75,5.4,12,9,3,24,5,50,2,0
1,1,0,8,56.0,205,2,46,175,2,3.8,63,4.6,6,11,2,19,4,45,0,0
2,1,0,11,17,112,0,53,277,4,5.2,70,6.3,8,13,1,22,4,34,0,0
3,0,3,5,47.1,112,0,45,182,1,4.0,58,4.2,2,10,0,12,7,71,1,2
4,1,0,9,17,164,1,32,131,1,4.1,50,6.0,4,6,2,12,4,55,0,0
5,1,2,21,64.7,164,3,43,182,1,4.2,68,5.8,9,12,1,22,3,25,0,2
6,1,0,8,13,59,0,56,326,4,5.8,69,6.5,6,17,3,26,4,50,0,0
7,1,1,12,38.5,59,0,53,308,4,5.8,70,6.3,8,18,1,27,4,35,0,1
8,0,2,16,18,169,0,35,89,1,2.5,65,4.4,10,7,3,20,4,35,0,2
9,0,0,15,50.0,169,2,50,189,0,3.8,83,4.9,8,14,1,23,5,50,0,0
10,1,0,14,25,214,2,47,197,3,4.2,67,5.9,9,10,1,20,4,30,0,0
11,1,1,11,84.0,214,1,35,83,1,2.4,51,5.5,8,6,2,16,7,82,0,1
12,1,2,8,13,125,0,51,249,2,4.9,64,5.6,4,13,0,17,3,27,1,1
0,1,1,29,42,313,2,33,88,1,2.7,75,5.3,16,7,1,24,4,35,0,1
1,1,0,30,69.0,313,6,42,187,1,4.5,78,7.2,17,12,0,29,6,45,0,0
2,0,2,36,36,375,1,25,57,0,2.3,79,4.4,15,3,1,19,7,70,0,2
3,1,2,24,83.3,375,1,23,42,0,1.8,63,5.1,14,3,0,17,1,15,0,2
4,0,2,34,54,291,1,34,77,0,2.3,86,5.2,20,6,2,28,3,30,1,1
5,1,1,31,66.7,291,2,33,86,1,2.6,76,6.1,18,3,3,24,4,30,1,0
6,0,5,27,40,277,1,24,-13,0,-0.5,62,3.3,14,1,2,17,4,45,2,3
7,1,0,34,60.0,277,2,38,120,1,3.2,83,4.3,16,7,1,24,3,30,0,0
8,1,1,40,52,371,3,31,58,1,1.9,85,7.0,25,2,2,29,3,25,1,0
9,0,2,40,65.4,371,4,19,91,0,4.8,71,6.8,22,5,1,28,4,31,2,0
10,1,0,29,43,378,3,23,50,0,2.2,62,7.6,15,4,3,22,8,74,0,0
11,1,0,27,72.1,378,4,28,167,2,6.0,61,7.3,14,9,2,25,6,66,0,0
12,1,3,26,38,219,5,33,93,0,2.8,81,7.7,16,4,7,26,5,61,0,3
0,0,3,22,37,185,0,58,174,1,3.0,95,3.8,9,17,3,29,7,42,1,2
1,1,1,16,59.5,185,0,55,352,4,6.4,75,6.9,10,14,2,26,7,60,0,1
2,0,5,18,20,166,1,28,78,0,2.8,69,4.6,10,4,2,16,5,33,1,4
3,0,3,11,80.0,166,2,32,43,0,1.3,55,3.8,7,5,0,12,1,5,2,1
4,1,2,10,41,240,0,61,391,3,6.4,80,6.1,5,25,0,30,9,101,1,1
5,1,1,8,43.9,240,0,43,198,3,4.6,58,5.3,7,10,1,18,4,20,1,0
6,1,2,5,23,167,0,48,297,3,6.2,56,6.2,3,10,1,14,8,79,2,0
7,1,0,11,47.8,167,1,48,166,2,3.5,70,3.9,7,8,1,16,3,23,0,0
8,1,1,13,19,100,3,51,305,3,6.0,70,8.3,11,15,1,27,5,40,0,1
9,1,3,19,52.6,100,2,44,268,3,6.1,69,7.2,13,10,1,24,7,39,2,1
10,1,0,12,15,112,1,30,253,3,8.4,48,8.3,7,7,1,15,4,42,0,0
11,0,1,21,53.3,112,0,22,62,0,2.8,60,3.9,7,5,5,17,8,73,0,1
12,1,1,11,8,52,1,43,157,1,3.7,58,5.1,8,7,2,17,2,10,0,1
0,1,1,15,19,159,2,48,167,1,3.5,67,4.9,8,9,1,18,3,40,1,0
1,0,1,22,78.9,159,3,35,150,0,4.3,78,5.3,13,8,3,24,7,61,1,0
2,0,2,24,43,266,1,27,116,1,4.3,72,4.7,12,4,4,20,8,90,1,1
3,0,1,10,51.2,266,0,45,183,2,4.1,71,5.2,7,9,3,19,6,44,0,1
4,0,0,14,45,221,0,42,175,0,4.2,69,4.0,7,9,1,17,1,10,0,0
5,1,1,10,53.3,221,1,48,339,2,7.1,67,6.2,5,16,1,22,7,85,1,0
6,0,0,11,26,185,0,13,26,0,2.0,47,2.0,3,1,5,9,0,0,0,0
7,1,3,8,38.5,185,0,67,357,1,5.3,88,4.5,3,20,3,26,4,50,2,1
8,0,0,14,27,100,2,30,107,0,3.6,49,6.1,6,4,0,10,3,35,0,0
9,1,0,7,51.9,100,1,48,185,1,3.9,58,4.6,4,13,0,17,7,72,0,0
10,0,2,16,19,78,2,25,64,0,2.6,61,5.1,10,1,0,11,10,96,0,2
11,1,1,14,52.6,78,1,38,217,4,5.7,61,7.5,10,8,0,18,4,50,0,1
0,0,1,16,32,232,1,39,160,2,4.1,71,5.5,10,8,1,19,5,67,1,0
1,1,2,21,50.0,232,1,65,329,6,5.1,95,6.7,14,20,0,34,2,10,2,0
2,1,1,14,30,304,2,41,220,2,5.4,61,8.5,7,9,3,19,9,71,1,0
3,0,1,19,70.0,304,1,38,95,1,2.5,63,6.1,13,4,1,18,8,70,0,1
4,0,2,25,20,296,0,50,194,2,3.9,86,5.1,13,12,1,26,6,40,1,1
5,1,0,15,70.0,296,1,53,427,7,8.1,74,8.9,8,18,2,28,4,19,0,0
6,0,2,18,25,289,3,32,140,1,4.4,60,7.2,12,5,2,19,6,47,1,1
7,0,0,18,76.0,289,1,31,136,2,4.4,64,5.9,12,6,1,19,3,25,0,0
8,0,4,14,36,248,2,29,130,1,4.5,58,6.9,12,6,1,19,4,38,0,4
9,0,1,16,69.4,248,1,34,113,1,3.3,65,5.6,8,8,2,18,6,60,0,1
10,0,2,23,21,230,1,35,101,3,2.9,70,6.5,16,5,2,23,5,43,0,2
11,0,2,16,71.4,230,0,43,129,3,3.0,65,5.0,9,8,1,18,5,50,1,1
0,0,0,30,43,283,3,38,117,0,3.1,81,4.9,10,10,0,20,6,40,0,0
1,1,2,9,69.8,283,1,46,209,2,4.5,62,4.4,3,15,0,18,5,55,1,1
2,0,5,19,16,66,2,32,157,1,4.9,71,5.9,11,9,2,22,5,40,2,3
3,1,1,12,56.3,66,0,51,373,4,7.3,71,6.5,5,15,2,22,4,32,1,0
4,0,1,25,39,260,1,26,37,0,1.4,66,4.4,10,6,1,17,6,53,1,0
5,1,0,18,48.7,260,2,48,135,1,2.8,81,5.0,8,8,5,21,4,50,0,0
6,0,2,16,20,88,0,23,100,1,4.3,55,4.2,6,3,1,10,2,25,1,1
7,0,1,11,60.0,88,2,30,144,0,4.8,52,4.7,4,9,0,13,4,33,1,0
8,0,3,25,40,256,1,31,93,0,3.0,75,4.8,11,7,2,20,8,65,0,3
9,0,4,13,62.5,256,0,34,114,0,3.4,60,4.0,6,6,0,12,5,41,0,4
10,0,1,18,33,267,1,44,144,1,3.3,69,4.4,6,13,0,19,4,44,0,1
11,0,2,12,54.5,267,0,48,118,2,2.5,73,3.3,5,9,0,14,3,25,1,1
0,1,1,29,36,478,8,25,109,0,4.4,61,9.6,18,6,1,25,8,69,0,1
1,0,1,28,80.6,478,3,19,42,2,2.2,59,8.1,18,2,2,22,5,20,0,1
2,0,0,31,40,435,3,20,93,1,4.7,64,7.2,15,9,0,24,9,59,0,0
3,0,1,46,70.0,435,3,26,72,0,2.8,91,6.2,22,6,3,31,8,75,1,0
4,0,2,38,44,365,5,29,147,1,5.1,89,7.5,25,9,1,35,8,77,1,1
5,1,1,36,70.5,365,5,27,121,0,4.5,81,6.4,18,6,5,29,4,31,0,1
6,1,1,39,65,488,3,30,148,1,4.9,79,6.7,19,11,1,31,9,67,1,0
7,1,2,33,70.8,488,4,21,76,2,3.6,66,7.1,21,4,4,29,7,54,0,2
8,1,0,29,60,523,4,23,71,1,3.1,73,4.8,14,3,2,19,4,15,0,0
9,1,4,35,63.3,523,5,25,92,1,3.7,72,8.2,20,6,2,28,7,75,2,2
10,1,3,42,54,397,6,26,100,1,3.8,78,7.8,25,6,4,35,13,116,1,2
11,1,0,25,66.7,397,4,34,157,0,4.6,82,5.9,13,12,0,25,5,45,0,0
12,0,4,36,49,382,4,16,-9,1,-0.6,76,7.5,22,3,1,26,6,45,2,2
13,1,1,33,79.6,382,6,26,220,2,8.5,73,8.8,14,11,2,27,2,10,1,0
0,1,3,21,33,363,1,30,101,6,3.4,63,7.4,14,9,0,23,5,47,1,2
1,1,3,42,63.6,363,3,42,237,3,5.6,100,7.0,22,15,1,39,8,84,1,2
2,0,3,24,58,463,1,35,215,4,6.1,75,8.6,13,10,1,24,6,56,1,2
3,0,0,18,72.4,463,1,28,127,1,4.5,61,6.5,9,10,1,20,8,70,0,0
4,0,6,31,40,433,1,35,172,3,4.9,82,6.0,17,10,1,28,9,69,4,2
5,1,2,30,60.0,433,2,32,91,0,2.8,78,5.0,14,7,3,24,12,105,0,2
6,1,2,24,33,270,2,40,154,5,3.9,72,6.6,13,8,3,24,5,30,1,1
7,1,0,24,54.5,270,0,46,246,5,5.3,77,5.9,8,16,0,24,2,18,0,0
8,1,1,26,47,321,1,25,96,2,3.8,63,7.1,12,7,1,20,7,75,0,1
9,0,1,22,66.0,321,2,21,37,0,1.8,60,4.5,11,3,2,16,2,11,0,1
10,1,0,21,46,299,2,44,321,5,7.3,72,8.2,10,18,1,29,7,65,0,0
11,0,2,26,65.2,299,2,40,126,1,3.2,79,4.1,10,9,1,20,5,30,1,1
12,0,2,15,32,323,0,30,187,3,6.2,56,5.1,5,8,0,13,9,80,1,1
0,0,2,18,38,127,1,39,145,0,3.7,77,3.5,9,8,0,17,8,56,0,2
1,1,0,15,47.4,127,1,54,358,4,6.6,83,6.9,10,19,3,32,3,25,0,0
2,0,1,15,29,214,1,35,67,1,1.9,62,3.2,5,9,1,15,8,79,0,1
3,0,3,24,51.7,214,1,45,206,4,4.6,86,5.0,10,12,5,27,10,86,2,1
4,0,2,20,27,134,1,33,88,1,2.7,67,4.2,7,9,3,19,6,55,1,1
5,0,2,10,55.6,134,1,49,187,0,3.8,72,4.1,6,12,1,19,9,92,0,2
6,0,3,26,41,224,0,37,119,2,3.2,78,5.7,13,9,1,23,13,117,1,2
7,1,2,23,58.5,224,1,40,162,0,4.1,74,4.2,8,11,1,20,3,24,1,1
8,1,2,22,34,194,2,41,282,3,6.9,83,6.8,14,14,1,29,4,48,1,1
9,1,2,21,58.8,194,1,42,158,1,3.8,75,6.0,10,8,4,22,5,42,2,0
10,1,0,15,23,106,2,27,100,1,3.7,51,6.7,7,4,0,11,6,46,0,0
11,1,2,17,43.5,106,3,32,113,4,3.5,58,7.6,11,9,2,22,8,53,0,2
12,0,2,19,41,327,0,19,71,1,3.7,47,5.3,6,4,0,10,6,59,1,1
0,1,0,20,26,248,3,32,96,2,3.0,58,5.9,11,8,0,19,7,55,0,0
1,0,1,26,76.9,248,2,36,66,0,1.8,76,4.6,11,9,0,20,6,52,0,1
2,0,2,14,40,283,2,25,8,0,0.3,55,3.6,9,1,1,11,5,47,1,1
3,0,0,28,65.0,283,5,23,123,0,5.3,63,8.0,16,6,3,25,10,86,0,0
4,1,2,12,30,191,2,49,209,2,4.3,70,4.5,4,9,3,16,7,62,1,1
5,0,2,22,46.7,191,2,21,35,0,1.7,63,4.2,8,3,1,12,5,35,1,1
6,1,0,28,40,379,4,44,155,1,3.5,84,5.6,16,10,4,30,7,65,0,0
7,1,4,14,70.0,379,0,35,145,2,4.1,56,5.1,7,6,3,16,8,83,3,1
8,0,7,27,21,105,2,35,123,1,3.5,81,4.3,8,11,0,19,6,56,1,6
9,1,0,21,57.1,105,2,47,261,3,5.6,73,5.7,9,14,0,23,5,58,0,0
10,0,2,36,42,230,1,33,101,1,3.1,84,4.9,13,10,2,25,7,45,1,1
11,1,0,24,52.4,230,1,31,127,1,4.1,70,5.2,11,4,0,15,6,50,0,0
12,1,1,24,40,318,2,44,159,2,3.6,85,5.1,13,10,3,26,7,40,0,1
0,1,0,19,30,324,3,40,154,1,3.9,70,6.8,15,5,0,20,9,65,0,0
1,1,2,15,63.3,324,1,46,306,4,6.7,71,6.7,6,16,2,24,5,40,0,2
2,0,1,13,25,168,1,39,118,0,3.0,67,4.1,8,7,2,17,4,30,1,0
3,1,1,25,60.0,168,4,37,233,2,6.3,73,7.8,17,11,2,30,7,62,1,0
4,0,2,17,28,158,2,27,72,0,2.7,50,5.3,7,7,3,17,5,47,1,1
5,1,0,22,46.4,158,4,38,179,1,4.7,66,5.7,11,8,4,23,5,27,0,0
6,0,3,27,36,339,1,32,77,0,2.4,74,4.7,13,4,4,21,5,40,1,2
7,0,2,12,69.4,339,0,45,190,1,4.2,69,4.6,7,9,1,17,10,88,1,1
8,1,2,20,23,191,3,24,57,1,2.4,53,6.6,13,4,3,20,2,17,2,0
9,0,1,25,73.9,191,2,28,100,2,3.6,70,7.8,19,6,3,28,7,66,0,1
10,0,2,25,28,199,4,32,119,0,3.7,73,5.0,10,9,4,23,5,50,1,1
11,0,4,27,78.6,199,2,39,203,1,5.2,85,5.6,13,12,1,26,14,109,2,2
0,0,2,19,33,261,1,37,92,1,2.5,70,5.0,13,5,5,23,6,28,2,0
1,1,0,19,57.6,261,4,44,197,1,4.5,73,7.2,14,12,1,27,8,80,0,0
2,1,3,30,29,332,2,49,246,3,5.0,95,5.8,15,15,2,32,9,52,3,0
3,0,1,11,65.5,332,0,20,141,1,7.1,53,4.1,3,7,0,10,4,40,0,1
4,1,0,24,46,301,3,47,296,5,6.3,75,9.4,13,15,2,30,5,40,0,0
5,0,4,21,65.2,301,1,38,52,1,1.4,74,3.9,12,3,5,20,5,45,1,3
6,1,1,9,33,78,3,40,202,2,5.1,51,8.4,7,9,0,16,7,66,1,0
7,1,0,13,33.3,78,1,36,131,3,3.6,62,4.5,3,6,3,12,8,79,0,0
8,0,1,15,28,408,1,47,243,0,5.2,78,5.7,8,12,1,21,3,25,1,0
9,0,2,12,85.7,408,1,34,121,1,3.6,55,5.6,6,6,1,13,12,104,2,0
10,0,3,25,36,239,1,26,25,0,1.0,69,4.4,12,4,2,18,15,139,0,3
11,0,1,32,58.3,239,2,29,85,0,2.9,79,5.2,12,7,1,20,3,19,0,1
0,1,0,15,19,276,2,29,321,4,11.1,48,12.4,12,10,0,22,6,60,0,0
1,0,3,17,78.9,276,2,38,141,0,3.7,72,5.6,11,6,5,22,8,70,3,0
2,0,1,13,34,259,2,29,55,1,1.9,58,4.2,6,2,2,10,5,45,0,1
3,0,2,20,50.0,259,2,32,42,1,1.3,70,6.2,13,5,0,18,6,70,1,1
4,0,1,19,29,191,2,27,69,1,2.6,68,5.7,11,4,1,16,11,110,0,1
5,0,1,19,44.8,191,4,30,72,0,2.4,60,9.0,14,4,0,18,8,84,0,1
6,0,0,22,38,395,1,27,40,2,1.5,67,4.5,12,5,1,18,3,20,0,0
7,0,2,18,52.6,395,0,31,108,0,3.5,66,4.4,7,7,1,15,1,5,1,1
8,0,2,19,41,319,3,32,107,0,3.3,66,6.6,11,5,3,19,10,77,1,1
9,0,4,11,46.3,319,0,32,67,1,2.1,54,2.9,6,4,1,11,2,15,2,2
10,0,1,16,30,466,1,26,58,0,2.2,59,4.2,9,2,1,12,7,50,0,1
11,0,4,13,63.3,466,1,35,160,1,4.6,59,6.6,5,9,0,14,4,20,2,2
0,1,1,20,32,280,1,50,217,3,4.3,82,6.1,14,10,2,26,3,43,1,0
1,1,0,26,62.5,280,2,27,114,2,4.2,59,7.4,15,5,0,20,2,15,0,0
2,1,3,26,32,321,2,44,175,0,4.0,89,5.1,13,8,2,23,7,60,1,2
3,1,1,19,81.3,321,1,61,219,3,3.6,90,4.6,10,12,3,25,4,46,1,0
4,1,0,24,45,277,2,41,104,1,2.5,71,5.4,13,8,2,23,3,25,0,0
5,1,2,29,57.8,277,7,37,192,0,5.2,76,7.4,15,14,3,32,3,25,1,1
6,1,0,14,29,194,2,38,261,2,6.9,62,6.5,7,14,1,22,3,35,0,0
7,1,0,12,65.5,194,2,40,214,3,5.4,59,6.9,8,10,3,21,5,67,0,0
8,1,0,22,30,278,2,38,279,3,7.3,72,7.8,13,12,3,28,9,85,0,0
9,1,2,17,80.0,278,2,26,143,1,5.5,56,6.6,8,6,2,16,4,45,0,2
10,1,0,25,39,372,3,34,52,1,1.5,70,5.4,10,7,2,19,6,35,0,0
11,0,3,12,74.4,372,1,35,205,1,5.9,62,5.9,6,9,1,16,5,67,3,0
12,1,0,21,24,142,2,54,304,5,5.6,84,6.6,13,14,1,28,8,85,0,0
13,0,1,22,58.3,142,2,24,117,1,4.9,62,6.3,9,6,6,21,9,80,0,1
0,1,2,19,23,370,3,37,147,1,4.0,60,8.6,14,5,0,19,10,77,2,0
1,0,3,8,82.6,370,0,36,127,0,3.5,53,3.3,1,8,2,11,11,78,0,3
2,1,0,7,17,47,3,50,174,2,3.5,64,6.4,7,8,2,17,11,108,0,0
3,1,2,19,47.1,47,3,46,193,1,4.2,73,5.9,12,10,3,25,6,90,1,1
4,0,1,12,14,234,0,36,173,1,4.8,62,5.2,4,10,0,14,9,94,0,1
5,1,1,13,50.0,234,2,34,133,1,3.9,58,5.3,8,7,1,16,10,91,1,0
6,1,1,11,27,240,1,42,223,2,5.3,62,6.3,8,10,2,20,9,79,1,0
7,0,2,19,70.4,240,1,22,127,2,5.8,53,8.4,7,7,1,15,10,108,1,1
8,1,2,12,26,152,0,36,296,7,8.2,55,8.7,6,12,1,19,12,129,1,1
9,1,0,13,46.2,152,0,47,88,3,1.9,65,5.2,10,7,0,17,6,65,0,0
10,0,1,15,24,173,2,39,220,2,5.6,61,7.8,7,11,1,19,13,124,0,1
11,1,1,15,54.2,173,2,41,220,4,5.4,62,5.3,5,11,2,18,5,50,0,1
12,1,1,19,20,165,3,41,223,1,5.4,64,6.4,11,12,0,23,3,17,0,1
0,1,2,12,26,182,1,50,345,4,6.9,76,6.9,10,17,2,29,5,46,0,2
1,0,2,34,46.2,182,1,39,149,0,3.8,94,5.7,16,6,1,23,12,100,0,2
2,0,1,14,55,384,1,44,121,0,2.8,78,2.8,4,8,6,18,8,65,0,1
3,0,1,15,61.8,384,1,49,241,1,4.9,86,3.9,6,15,3,24,7,60,1,0
4,0,3,16,34,99,4,49,188,1,3.8,75,6.6,8,12,1,21,6,45,1,2
5,0,2,17,41.2,99,0,46,277,3,6.0,78,5.3,4,14,0,18,17,161,0,2
6,0,2,22,37,92,1,60,242,2,4.0,95,4.8,10,15,5,30,9,90,0,2
7,1,0,11,40.5,92,0,42,194,4,4.6,64,4.9,4,14,2,20,7,74,0,0
8,1,1,16,26,305,0,59,321,3,5.4,90,6.0,10,15,0,25,9,99,0,1
9,1,0,15,61.5,305,1,49,183,1,3.7,82,5.2,11,9,2,22,2,20,0,0
10,1,0,7,32,134,2,56,370,5,6.6,70,8.6,7,18,0,25,3,35,0,0
11,1,2,10,53.1,134,0,60,340,6,5.7,77,5.9,5,20,2,27,3,25,2,0
12,0,2,15,35,212,0,32,89,2,2.8,64,5.0,13,5,0,18,5,71,0,2
0,1,2,11,20,249,1,42,203,2,4.8,62,7.3,8,9,2,19,12,140,0,2
1,1,1,14,55.0,249,3,50,290,2,5.8,73,6.5,7,14,3,24,12,113,1,0
2,0,6,16,23,183,1,40,104,0,2.6,66,5.1,10,5,5,20,8,80,3,3
3,1,1,15,60.9,183,1,33,51,1,1.5,62,5.5,8,3,1,12,6,44,0,1
4,1,0,10,26,232,2,44,146,1,3.3,64,5.3,7,8,2,17,7,82,0,0
5,1,1,7,61.5,232,0,36,277,2,7.7,53,7.6,5,9,2,16,6,62,0,1
6,1,4,19,29,293,0,41,105,2,2.6,70,5.5,12,4,2,18,5,50,3,1
7,0,2,23,51.7,293,2,30,111,1,3.7,76,5.8,12,4,2,18,13,97,0,2
8,0,0,13,20,191,3,32,127,0,4.0,62,6.0,9,8,3,20,7,55,0,0
9,0,1,15,50.0,191,1,33,109,1,3.3,62,6.2,9,5,0,14,7,54,0,1
10,1,1,23,17,127,2,32,122,3,3.8,67,7.3,15,7,1,23,10,78,0,1
11,0,3,21,41.2,127,1,30,99,2,3.3,64,4.7,9,6,2,17,10,62,2,1
12,0,2,13,29,283,2,29,98,1,3.4,56,7.2,12,3,3,18,7,50,1,1
0,0,3,17,34,227,1,39,81,1,2.1,73,4.2,12,1,6,19,10,60,0,3
1,0,3,9,50.0,227,1,36,126,0,3.5,55,3.9,6,6,3,15,5,55,0,3
2,0,1,19,19,86,0,32,144,0,4.5,56,4.9,6,8,0,14,6,40,1,0
3,1,2,18,47.4,86,1,52,349,6,6.7,75,8.3,12,16,2,30,8,70,1,1
4,1,0,17,24,128,2,33,118,1,3.6,56,5.8,9,4,2,15,5,40,0,0
5,0,2,8,79.2,128,0,36,66,0,1.8,52,2.0,1,5,2,8,4,28,0,2
6,1,2,17,23,271,3,48,141,1,2.9,70,4.9,12,6,1,19,2,30,2,0
7,0,0,18,78.3,271,2,46,97,1,2.1,79,4.7,13,7,5,25,15,114,0,0
8,0,1,19,23,207,0,42,215,3,5.1,77,6.1,14,8,1,23,12,107,0,1
9,0,5,28,73.9,207,1,35,124,2,3.5,85,5.9,19,4,2,25,8,80,1,4
10,0,0,19,16,36,2,34,160,2,4.7,72,5.4,12,6,4,22,3,35,0,0
11,1,2,16,50.0,36,3,40,184,2,4.6,66,6.5,9,8,2,19,11,104,1,1
0,0,2,21,37,268,2,25,101,1,4.0,62,6.0,10,2,2,14,7,36,1,1
1,1,1,20,56.8,268,2,41,195,3,4.8,69,6.4,14,7,2,23,5,45,0,1
2,0,1,24,28,250,4,30,132,1,4.4,69,7.0,16,7,3,24,8,41,0,1
3,1,1,19,71.4,250,1,40,79,2,2.0,68,4.2,13,5,3,21,6,55,1,0
4,0,2,26,39,351,3,35,139,0,4.0,79,6.1,14,9,3,26,8,62,0,2
5,0,3,15,61.5,351,0,28,92,0,3.3,57,5.1,7,5,2,14,6,54,0,3
6,0,3,26,28,207,2,33,62,0,1.9,71,5.6,13,5,4,22,8,78,1,2
7,0,0,25,67.9,207,1,22,59,1,2.7,65,5.2,13,3,0,16,4,30,0,0
8,0,1,20,44,341,2,43,150,3,3.5,78,4.4,9,8,6,23,8,75,1,0
9,1,1,21,59.1,341,2,42,180,4,4.3,69,7.3,17,10,1,28,9,62,0,1
10,0,5,11,29,196,0,35,150,0,4.3,61,4.1,6,8,0,14,9,52,3,2
11,0,3,20,51.7,196,3,40,124,1,3.1,77,5.5,11,10,5,26,3,35,0,3
0,0,4,13,29,133,0,44,126,1,2.9,73,3.5,6,10,3,19,8,74,2,2
1,1,1,14,44.8,133,2,49,290,2,5.9,73,6.0,8,13,1,22,7,55,1,0
2,0,2,16,24,149,0,39,-1,0,0.0,66,2.4,5,6,3,14,7,54,0,2
3,0,1,11,58.3,149,2,32,84,0,2.6,56,3.8,7,3,1,11,5,36,0,1
4,0,4,25,27,157,1,27,57,0,2.1,67,5.6,12,8,1,21,10,90,0,4
5,0,2,20,59.3,157,2,31,15,0,0.5,62,4.1,10,4,3,17,13,90,1,1
6,0,1,6,24,131,0,35,75,0,2.1,51,2.1,2,4,3,9,9,77,0,1
7,0,5,18,45.8,131,1,41,50,0,1.2,82,2.9,10,9,4,23,12,96,2,3
8,0,2,17,40,321,1,27,113,0,4.2,52,4.4,4,6,1,11,4,35,2,0
9,0,3,4,62.5,321,0,47,137,1,2.9,54,3.5,2,7,1,10,16,88,2,1
10,1,3,8,31,239,3,46,185,1,4.0,59,5.0,3,12,2,17,5,45,2,1
11,1,3,8,64.5,239,2,43,322,3,7.5,53,8.4,5,13,0,18,1,10,2,1
0,1,1,26,35,366,4,35,65,1,1.9,70,6.2,14,1,2,17,5,38,0,1
1,1,3,24,74.3,366,3,39,132,1,3.4,75,6.0,13,10,4,27,3,27,2,1
2,1,0,15,36,317,2,34,120,1,3.5,66,5.2,8,4,4,16,8,61,0,0
3,1,1,21,66.7,317,2,32,3,0,0.1,69,3.5,14,2,1,17,11,93,1,0
4,0,3,23,32,223,1,28,84,1,3.0,74,4.6,15,3,1,19,7,51,1,2
5,1,2,15,46.9,223,2,43,180,2,4.2,69,5.8,10,9,2,21,7,70,0,2
6,1,1,22,37,239,1,39,174,3,4.5,69,5.6,12,10,4,26,4,39,0,1
7,1,0,18,56.8,239,2,41,295,3,7.2,67,7.8,10,14,4,28,5,40,0,0
8,1,0,24,46,257,1,31,150,3,4.8,61,7.0,10,9,2,21,7,75,0,0
9,1,2,18,50.0,257,3,38,249,1,6.6,61,6.9,13,9,1,23,5,32,1,1
10,1,0,18,26,221,2,33,212,3,6.4,59,8.7,12,10,1,23,3,32,0,0
11,1,1,27,57.7,221,2,35,169,4,4.8,71,7.2,13,10,4,27,4,34,0,1
12,0,2,38,30,213,5,21,42,0,2.0,89,6.2,24,1,2,27,5,45,1,1
0,0,1,9,33,92,0,35,91,0,2.6,68,2.7,6,6,8,20,8,70,1,0
1,0,3,34,27.3,92,1,26,46,0,1.8,83,4.5,16,4,1,21,6,62,0,3
2,0,2,18,57,326,2,23,109,0,4.7,68,5.1,8,6,5,19,7,85,0,2
3,1,0,24,59.6,326,3,34,106,3,3.1,67,6.4,16,7,1,24,6,55,0,0
4,0,3,28,45,236,1,41,121,1,3.0,88,4.6,11,10,1,22,7,40,2,1
5,0,1,30,40.0,236,3,24,86,1,3.6,68,5.7,15,5,3,23,3,35,0,1
6,0,1,38,33,321,3,29,27,1,0.9,91,5.0,18,5,2,25,11,108,1,0
7,0,2,24,72.7,321,0,34,257,4,7.6,88,5.5,12,14,2,28,4,21,0,2
8,0,0,30,47,280,0,35,49,1,1.4,79,4.4,17,8,3,28,13,96,0,0
9,0,1,19,59.6,280,0,27,9,0,0.3,58,2.4,6,3,1,10,3,15,1,0
10,0,2,16,44,300,0,26,101,0,3.9,61,4.6,7,5,1,13,4,40,1,1
11,1,0,26,68.2,300,2,37,203,4,5.5,71,8.8,18,10,2,30,10,80,0,0
0,1,0,19,29,319,2,41,224,4,5.5,70,7.8,13,12,2,27,12,98,0,0
1,1,0,13,65.5,319,2,47,185,1,3.9,65,5.2,6,14,2,22,8,65,0,0
2,1,1,21,18,154,4,41,182,2,4.4,70,6.1,13,8,2,23,5,50,1,0
3,0,1,16,72.2,154,3,40,152,0,3.8,61,6.1,7,11,2,20,7,69,1,0
4,1,1,15,29,242,2,39,213,3,5.5,60,9.1,12,9,3,24,6,65,1,0
5,1,3,17,72.4,242,2,42,227,3,5.4,72,6.2,10,11,0,21,7,62,0,3
6,0,3,16,21,219,1,49,251,3,5.1,77,5.0,9,13,0,22,6,80,0,3
7,1,0,19,76.2,219,4,29,45,0,1.6,65,5.4,10,6,5,21,11,97,0,0
8,1,1,21,21,331,6,30,195,3,6.5,63,9.6,13,10,3,26,4,40,1,0
9,0,3,16,71.4,331,0,55,284,2,5.2,81,5.6,10,17,3,30,6,59,0,3
10,0,6,15,30,222,2,34,87,0,2.6,71,4.1,8,8,0,16,7,76,3,3
11,0,2,24,56.7,222,1,25,79,1,3.2,72,5.3,14,5,1,20,7,56,0,2
12,1,1,14,28,135,4,35,233,3,6.7,61,8.7,8,10,4,22,6,48,0,1
0,0,1,14,31,167,0,27,42,1,1.6,58,3.6,6,4,1,11,6,66,1,0
1,0,3,14,45.2,167,3,30,121,1,4.0,59,5.7,10,5,5,20,5,50,1,2
2,0,2,23,29,214,2,34,214,2,6.3,73,7.2,15,13,2,30,7,74,1,1
3,0,0,18,48.3,214,0,23,35,0,1.5,53,3.1,8,3,2,13,7,65,0,0
4,0,4,11,39,310,1,26,23,0,0.9,51,2.6,7,0,1,8,6,63,2,2
5,1,0,11,59.0,310,0,56,247,3,4.4,79,5.2,6,15,0,21,3,30,0,0
6,0,3,15,30,130,0,28,112,0,4.0,61,4.0,6,6,2,14,8,61,1,2
7,0,2,9,60.0,130,1,46,210,1,4.6,73,3.9,4,9,2,15,5,62,1,1
8,0,1,15,25,111,1,36,108,2,3.0,64,5.2,10,7,4,21,9,74,0,1
9,0,0,14,44.0,111,1,35,184,0,5.3,66,4.5,5,6,4,15,9,104,0,0
10,0,4,7,23,160,1,39,199,1,5.1,52,5.3,3,9,0,12,3,20,2,2
11,0,0,12,47.8,160,1,35,281,3,8.0,58,7.0,3,12,1,16,7,65,0,0
0,0,1,14,30,72,0,31,35,0,1.1,61,1.8,4,3,2,9,8,41,1,0
1,0,4,17,46.7,72,3,38,89,1,2.3,79,3.3,9,6,3,18,4,30,1,3
2,0,1,14,41,174,0,34,123,0,3.6,59,3.8,4,6,1,11,4,20,0,1
3,0,1,11,41.5,174,0,19,116,2,6.1,45,5.0,3,5,1,9,3,31,0,1
4,0,1,19,25,99,1,28,110,1,3.9,67,4.2,5,8,6,19,8,50,0,1
5,0,2,24,56.0,99,2,37,192,1,5.2,80,6.5,14,9,2,25,12,94,0,2
6,0,3,13,26,109,1,31,163,0,5.3,55,5.3,4,9,1,14,6,49,1,2
7,1,0,21,42.3,109,2,38,119,1,3.1,70,4.5,8,5,2,15,8,80,0,0
8,0,3,21,39,171,1,28,67,0,2.4,65,4.7,7,7,2,16,8,75,1,2
9,0,2,15,48.7,171,0,25,-17,0,-0.7,58,1.7,5,0,1,6,11,70,0,2
10,0,3,18,43,331,0,35,137,2,3.9,77,4.0,9,6,2,17,5,25,0,3
11,0,1,21,55.8,331,1,32,82,0,2.6,67,3.6,7,7,2,16,4,25,1,0
0,1,0,3,4,98,2,67,258,4,3.9,71,5.0,3,16,1,20,2,20,0,0
1,1,1,5,75.0,98,1,67,339,4,5.1,73,5.7,4,19,0,23,5,40,1,0
2,1,0,3,6,77,1,67,397,6,5.9,70,7.2,3,20,1,24,1,15,0,0
3,1,0,0,83.3,77,0,63,384,3,6.1,68,5.6,0,16,0,16,6,80,0,0
4,0,2,5,3,107,0,61,213,2,3.5,76,3.7,3,13,2,18,4,40,0,2
5,0,1,5,100.0,107,0,50,179,2,3.6,56,4.8,2,10,1,13,3,26,1,0
6,0,2,10,5,0,3,70,416,5,5.9,83,7.2,5,21,5,31,7,64,1,1
7,1,0,8,0.0,0,1,43,102,2,2.4,56,5.6,4,8,0,12,4,30,0,0
8,1,1,3,15,66,1,61,428,8,7.0,65,7.5,2,26,2,30,5,49,1,0
9,1,1,2,33.3,66,0,59,377,4,6.4,71,5.9,2,18,0,20,5,50,1,0
10,1,0,3,6,87,1,62,220,3,3.5,66,4.9,3,17,1,21,2,20,0,0
11,0,0,7,83.3,87,0,33,124,1,3.8,49,4.7,5,5,1,11,2,10,0,0
12,1,0,6,13,179,1,55,211,2,3.8,64,4.8,5,15,1,21,4,35,0,0
0,1,0,19,29,207,2,34,161,1,4.7,63,5.8,7,10,1,18,3,30,0,0
1,1,0,18,65.5,207,3,46,224,0,4.9,76,4.9,5,15,1,21,8,75,0,0
2,1,2,16,30,149,3,39,144,1,3.7,67,5.4,9,11,3,23,3,25,0,2
3,1,0,20,60.0,149,3,25,138,2,5.5,50,8.9,11,9,1,21,5,49,0,0
4,1,0,22,28,217,1,36,221,3,6.1,66,7.1,13,9,0,22,8,60,0,0
5,0,4,22,57.1,217,1,27,111,1,4.1,64,6.5,14,8,2,24,9,75,3,1
6,0,1,22,25,305,1,24,67,2,2.8,55,7.4,11,4,0,15,2,15,1,0
7,1,0,16,80.0,305,0,48,238,3,5.0,69,5.6,8,15,0,23,2,10,0,0
8,1,0,22,30,245,3,46,385,6,8.4,83,8.8,16,18,2,36,6,55,0,0
9,1,2,25,73.3,245,5,38,173,2,4.6,76,7.4,17,10,1,28,6,35,2,0
10,1,0,17,37,302,2,40,195,2,4.9,69,7.3,12,11,3,26,6,60,0,0
11,1,2,20,59.5,302,2,42,189,3,4.5,74,6.3,13,12,2,27,6,40,0,2
12,0,1,15,31,342,0,35,199,4,5.7,58,6.8,6,9,2,17,2,10,1,0
0,0,2,14,30,110,0,45,226,1,5.0,75,4.5,7,10,2,19,2,10,0,2
1,1,0,14,46.7,110,1,62,494,7,8.0,81,8.6,5,25,2,32,9,98,0,0
2,0,1,16,19,204,1,41,79,0,1.9,64,4.1,7,8,2,17,6,47,1,0
3,0,1,19,73.7,204,1,47,150,0,3.2,80,5.7,11,10,6,27,9,84,1,0
4,1,0,15,23,185,0,56,262,3,4.7,84,4.7,7,16,2,25,9,90,0,0
5,1,0,22,69.6,185,3,45,226,3,5.0,81,7.8,15,15,3,33,10,105,0,0
6,0,1,19,33,308,2,34,124,2,3.6,68,5.3,9,10,1,20,7,85,1,0
7,1,0,26,57.6,308,1,45,200,3,4.4,76,6.0,14,12,2,28,8,56,0,0
8,1,0,20,28,134,2,45,359,5,8.0,75,9.1,11,19,1,31,8,50,0,0
9,0,3,28,53.6,134,2,38,134,2,3.5,76,6.0,14,9,0,23,6,55,3,0
10,1,0,9,36,407,0,52,410,4,7.9,67,7.4,3,19,1,23,9,85,0,0
11,1,2,25,61.1,407,2,51,303,4,5.9,85,7.6,14,14,4,32,7,60,0,2
12,0,2,16,34,238,2,36,195,1,5.4,62,6.3,10,13,1,24,7,73,0,2
13,0,0,18,55.9,238,4,50,319,1,6.4,78,8.4,8,17,4,29,12,95,0,0
0,0,0,9,28,109,0,45,169,1,3.8,73,3.8,6,9,2,17,13,100,0,0
1,0,2,16,32.1,109,2,30,104,1,3.5,61,5.6,12,6,2,20,4,50,1,1
2,1,1,18,31,237,3,36,229,3,6.4,61,8.6,13,12,2,27,5,40,0,1
3,0,1,12,51.6,237,1,20,28,0,1.4,47,4.9,9,1,3,13,2,6,0,1
4,1,1,25,25,294,4,38,164,0,4.3,76,6.8,14,11,1,26,8,71,0,1
5,0,1,16,72.0,294,0,28,127,0,4.5,67,5.8,13,5,1,19,7,61,1,0
6,1,1,19,27,204,3,39,245,2,6.3,66,7.2,10,11,1,22,9,80,1,0
7,1,0,21,44.4,204,2,36,130,1,3.6,61,6.0,10,7,1,18,8,80,0,0
8,0,1,32,38,350,5,25,77,0,3.1,80,7.1,19,4,1,24,9,89,0,1
9,1,1,21,65.8,350,4,33,191,2,5.8,61,8.9,12,11,2,25,6,60,1,0
10,1,1,10,39,259,2,37,119,3,3.2,57,6.1,6,5,0,11,3,30,0,1
11,0,2,26,41.0,259,4,31,144,1,4.6,82,6.7,19,8,4,31,8,88,0,2
12,1,0,22,27,229,2,44,209,1,4.8,75,5.9,12,11,4,27,5,30,0,0
0,0,1,23,31,212,0,32,134,0,4.2,63,5.5,8,10,2,20,0,0,0,1
1,0,0,14,74.2,212,1,24,139,2,5.8,46,6.7,8,6,1,15,12,112,0,0
2,0,1,14,22,168,2,28,112,0,4.0,55,4.5,7,5,4,16,5,60,1,0
3,0,3,21,63.6,168,0,31,179,1,5.8,63,5.5,10,7,0,17,10,68,1,2
4,1,1,8,27,138,1,47,398,3,8.5,61,7.5,1,22,2,25,2,20,0,1
5,0,1,13,51.9,138,0,46,179,3,3.9,65,5.7,7,11,4,22,6,65,1,0
6,0,1,6,32,169,0,43,271,3,6.3,53,6.5,3,11,2,16,10,87,1,0
7,0,3,34,65.6,169,0,34,135,3,4.0,77,5.9,16,9,2,27,5,50,2,1
8,1,1,23,14,60,3,30,128,2,4.3,63,6.6,12,5,2,19,6,65,1,0
9,1,0,9,57.1,60,3,42,265,1,6.3,61,8.1,8,15,2,25,4,50,0,0
10,0,1,23,19,190,1,46,192,1,4.2,84,5.3,12,12,6,30,10,95,1,0
11,0,3,12,68.4,190,0,28,120,1,4.3,52,4.3,5,5,0,10,4,31,0,3
0,0,0,25,38,187,0,23,32,0,1.4,61,3.6,8,3,0,11,11,85,0,0
1,0,2,23,65.8,187,1,19,9,0,0.5,52,6.1,9,0,1,10,10,99,1,1
2,1,1,22,33,308,1,39,132,2,3.4,67,5.3,11,10,1,22,12,135,0,1
3,1,2,19,69.7,308,0,25,22,2,0.9,61,3.1,6,2,4,12,4,30,1,1
4,0,2,29,28,221,1,26,55,1,2.1,72,4.4,11,6,1,18,7,55,1,1
5,0,5,21,78.6,221,2,34,107,0,3.1,69,5.3,11,7,0,18,4,30,2,3
6,0,1,16,36,170,1,28,161,1,5.8,69,5.7,9,7,1,17,7,55,1,0
7,0,2,21,52.8,170,0,27,130,3,4.8,66,5.7,13,6,0,19,8,49,1,1
8,1,0,13,46,263,4,27,221,4,8.2,46,10.5,4,7,0,11,15,177,0,0
9,0,1,12,63.0,263,1,40,129,1,3.2,65,3.0,3,10,4,16,6,63,0,1
10,0,1,13,35,257,0,35,150,1,4.3,65,4.0,5,6,1,12,8,50,1,0
11,1,0,24,60.0,257,1,43,94,0,2.2,80,4.4,14,5,2,21,4,30,0,0
0,1,1,16,22,257,2,56,312,7,5.6,78,7.3,8,18,4,30,6,54,1,0
1,0,1,27,72.7,257,0,33,135,0,4.1,83,4.3,11,6,2,19,10,88,0,1
2,0,0,13,50,224,0,47,262,3,5.6,68,6.0,7,13,0,20,3,14,0,0
3,1,0,17,54.0,224,1,38,106,2,2.8,64,4.6,8,6,3,17,9,110,0,0
4,0,1,12,21,146,0,29,131,2,4.5,51,5.5,8,7,0,15,5,48,1,0
5,0,2,24,61.9,146,1,54,312,4,5.8,99,5.5,14,17,5,36,7,65,0,2
6,1,1,22,26,191,2,38,148,1,3.9,68,5.9,13,8,4,25,6,59,0,1
7,1,1,17,65.4,191,3,49,231,3,4.7,71,6.8,11,14,0,25,2,20,1,0
8,0,2,17,22,151,1,64,222,5,3.5,99,5.0,11,18,7,36,5,54,0,2
9,0,4,19,54.5,151,1,38,119,1,3.1,70,5.2,12,7,2,21,6,58,3,1
10,0,1,16,45,237,1,51,222,2,4.4,74,5.2,6,13,0,19,2,23,1,0
11,0,4,18,53.3,237,0,40,148,0,3.7,79,4.3,9,12,1,22,4,30,0,4
0,0,0,22,27,191,1,35,21,0,0.6,62,3.4,10,2,0,12,5,35,0,0
1,0,2,19,81.5,191,2,43,171,1,4.0,77,4.7,12,11,3,26,4,35,1,1
2,1,1,19,34,191,3,37,218,2,5.9,60,8.6,15,9,0,24,6,72,1,0
3,0,2,18,55.9,191,1,40,76,0,1.9,74,3.1,8,5,4,17,4,18,0,2
4,0,1,18,23,296,2,36,115,0,3.2,61,5.5,10,8,1,19,6,65,1,0
5,1,2,20,82.6,296,3,39,117,2,3.0,64,6.0,10,7,1,18,2,10,1,1
6,0,1,25,34,153,3,24,65,0,2.7,63,5.7,14,6,1,21,9,75,1,0
7,0,4,7,52.9,153,0,45,229,1,5.1,64,4.8,4,14,1,19,5,45,3,1
8,0,1,24,25,221,2,30,127,1,4.2,62,7.4,14,6,0,20,9,75,1,0
9,0,1,27,72.0,221,2,29,84,1,2.9,72,5.4,16,6,3,25,13,83,1,0
10,0,2,14,25,268,0,34,77,0,2.3,55,3.4,6,5,0,11,2,15,2,0
11,0,0,13,80.0,268,2,37,190,0,5.1,67,5.4,5,8,0,13,3,25,0,0
0,1,1,11,17,136,2,40,170,1,4.3,57,5.4,6,9,0,15,11,82,1,0
1,0,3,19,64.7,136,1,38,244,5,6.4,74,6.4,13,9,0,22,5,50,0,3
2,0,1,9,36,233,1,36,162,0,4.5,53,3.9,3,6,2,11,6,57,0,1
3,1,2,17,52.8,233,1,45,292,4,6.5,69,8.3,12,14,3,29,7,58,1,1
4,1,1,9,17,46,0,55,242,2,4.4,76,4.3,4,16,4,24,2,20,1,0
5,1,1,14,52.9,46,0,55,242,1,4.4,79,5.0,7,12,4,23,8,80,0,1
6,1,1,4,24,282,1,58,320,2,5.5,66,5.4,1,21,1,23,4,30,1,0
7,1,0,18,70.8,282,3,49,195,1,4.0,77,7.1,10,14,1,25,6,63,0,0
8,0,1,33,21,84,3,39,131,4,3.4,96,6.9,22,9,1,32,6,44,1,0
9,1,2,23,42.9,84,1,41,211,2,5.1,79,6.0,11,13,2,26,4,50,1,1
10,1,1,17,24,154,0,47,308,4,6.6,74,6.8,9,15,1,25,2,15,1,0
11,0,2,4,58.3,154,0,27,268,3,9.9,37,7.9,1,7,1,9,2,20,2,0
12,1,1,7,8,38,0,61,266,4,4.4,76,4.8,7,17,4,28,5,55,0,1
13,0,1,20,50.0,38,2,55,335,3,6.1,88,5.9,9,18,2,29,2,10,1,0
0,0,2,24,47,301,2,39,174,1,4.5,86,5.5,14,11,2,27,10,80,0,2
1,1,0,18,51.1,301,4,55,287,2,5.2,81,6.4,9,17,2,28,5,49,0,0
2,0,2,25,26,228,2,31,56,0,1.8,70,4.1,11,5,1,17,2,20,1,1
3,1,2,30,69.2,228,4,40,202,0,5.1,89,6.7,16,11,2,29,6,60,1,1
4,0,0,29,39,228,2,27,52,0,1.9,76,5.7,19,5,1,25,3,20,0,0
5,1,2,16,64.1,228,1,41,204,2,5.0,71,6.5,11,11,1,23,8,95,0,2
6,1,0,21,49,397,2,35,132,0,3.8,70,4.8,9,4,0,13,9,79,0,0
7,0,1,26,61.2,397,3,29,189,2,6.5,71,7.0,15,9,1,25,4,25,1,0
8,1,0,11,49,378,2,33,148,2,4.5,52,7.5,7,8,2,17,8,72,0,0
9,1,0,22,59.2,378,4,52,221,4,4.3,80,6.3,15,17,1,33,1,10,0,0
10,1,2,21,30,257,2,46,285,3,6.2,72,7.9,10,15,1,26,6,45,0,2
11,1,1,12,53.3,257,2,52,236,1,4.5,76,4.8,6,14,1,21,9,81,0,1
12,1,2,18,35,204,1,36,154,1,4.3,70,5.2,9,5,2,16,8,65,1,1
0,1,0,13,18,236,1,39,205,4,5.3,57,7.7,8,12,1,21,12,140,0,0
1,0,1,20,72.2,236,1,30,124,1,4.1,63,5.6,9,4,3,16,11,99,1,0
2,0,1,25,33,229,0,28,14,0,0.5,71,4.0,7,3,1,11,11,89,1,0
3,1,1,12,60.6,229,1,44,272,1,6.2,64,6.9,8,9,2,19,7,61,0,1
4,1,0,20,43,270,2,43,223,4,5.2,73,6.2,8,10,4,22,10,67,0,0
5,0,0,16,58.1,270,2,22,135,1,6.1,53,6.9,7,5,3,15,10,100,0,0
6,0,0,15,20,172,0,44,142,2,3.2,76,4.6,9,8,3,20,7,50,0,0
7,1,0,8,60.0,172,2,43,192,1,4.5,67,4.9,6,14,2,22,8,75,0,0
8,0,3,30,30,232,3,32,211,3,6.6,78,8.6,17,11,1,29,12,85,2,1
9,1,0,18,66.7,232,3,42,269,4,6.4,67,8.0,10,13,2,25,8,99,0,0
10,1,0,10,31,229,1,31,251,4,8.1,45,8.9,5,12,1,18,12,128,0,0
11,1,0,21,51.6,229,4,42,281,3,6.7,77,7.6,13,17,1,31,10,63,0,0
12,0,1,18,32,208,2,32,235,1,7.3,71,6.3,7,13,1,21,12,116,0,1
0,0,0,20,37,191,1,32,119,1,3.7,69,4.5,9,6,2,17,3,30,0,0
1,1,2,15,54.1,191,1,51,233,3,4.6,73,5.6,8,14,2,24,3,20,2,0
2,1,0,26,22,174,3,48,160,3,3.3,85,6.1,19,5,4,28,11,117,0,0
3,1,0,17,68.2,174,2,43,147,1,3.4,71,4.9,10,7,2,19,11,120,0,0
4,1,0,21,37,357,2,49,178,1,3.6,82,5.6,11,14,4,29,5,35,0,0
5,0,4,19,70.3,357,0,49,119,2,2.4,84,4.5,12,10,1,23,4,23,2,2
6,1,0,15,28,200,3,51,341,5,6.7,73,8.9,13,14,5,32,6,40,0,0
7,0,2,15,60.7,200,0,40,166,2,4.2,69,5.8,10,9,2,21,9,75,2,0
8,0,3,22,33,279,1,44,169,3,3.8,80,5.6,9,15,1,25,7,63,2,1
9,1,1,12,63.6,279,2,45,316,3,7.0,65,8.2,10,16,4,30,14,102,0,1
10,0,2,22,35,257,1,36,178,2,4.9,65,7.5,13,9,1,23,7,63,1,1
11,1,1,21,54.3,257,5,50,298,1,6.0,76,8.4,13,15,1,29,5,30,1,0
12,1,1,8,22,307,2,52,352,4,6.8,66,7.8,5,18,0,23,4,48,0,1
0,1,2,15,22,189,0,58,221,5,3.8,80,5.1,6,17,4,27,5,40,1,1
1,0,1,10,68.2,189,0,18,16,0,0.9,38,2.4,2,0,1,3,3,30,0,1
2,1,1,16,20,76,1,41,185,5,4.5,65,7.8,14,9,3,26,3,30,1,0
3,1,0,22,50.0,76,4,44,242,4,5.5,79,6.3,17,13,3,33,1,5,0,0
4,0,2,27,24,323,2,24,38,0,1.6,64,5.9,15,4,1,20,6,52,1,1
5,1,1,21,66.7,323,1,33,51,0,1.5,64,4.0,11,3,2,16,4,30,0,1
6,0,2,36,35,257,1,26,46,3,1.8,75,5.1,19,5,3,27,4,40,0,2
7,1,1,25,62.9,257,4,39,130,2,3.3,71,6.4,18,5,1,24,3,25,1,0
8,1,1,30,40,338,4,36,130,3,3.6,78,6.3,18,7,3,28,3,30,0,1
9,0,1,41,67.5,338,1,26,98,2,3.8,83,5.4,20,6,3,29,4,40,0,1
10,1,0,14,31,206,1,41,257,0,6.3,65,6.6,7,11,1,19,3,25,0,0
11,0,1,24,67.7,206,0,27,5,1,0.2,62,3.6,10,3,2,15,1,15,1,0
12,0,1,28,49,339,0,39,125,1,3.2,83,4.6,12,9,2,23,9,82,0,1
0,1,1,17,28,188,2,40,219,2,5.5,68,6.0,8,7,3,18,5,26,1,0
1,0,2,30,60.7,188,0,26,69,1,2.7,71,4.2,12,5,3,20,5,57,0,2
2,0,3,21,45,226,0,41,118,2,2.9,75,3.5,4,13,2,19,3,25,1,2
3,0,1,21,66.7,226,0,35,122,0,3.5,71,4.4,12,4,1,17,7,55,1,0
4,1,0,17,34,142,2,26,36,1,1.4,54,5.0,11,1,0,12,9,55,0,0
5,1,0,15,61.8,142,4,28,51,1,1.8,54,6.7,13,5,0,18,3,35,0,0
6,1,0,28,36,190,1,40,200,4,5.0,76,5.7,14,14,1,29,6,50,0,0
7,0,2,22,58.3,190,2,30,102,0,3.4,64,5.1,9,8,3,20,6,68,1,1
8,1,0,18,28,233,3,42,240,1,5.7,73,5.8,11,12,2,25,4,30,0,0
9,0,0,11,60.7,233,1,33,246,2,7.5,59,6.3,5,11,1,17,4,30,0,0
10,0,1,21,26,310,1,33,159,1,4.8,72,4.6,8,8,2,18,3,23,0,1
11,1,0,19,57.7,310,1,34,54,1,1.6,65,3.5,8,4,1,13,6,45,0,0
12,0,2,27,36,233,1,35,74,1,2.1,81,4.5,14,4,4,22,3,32,1,1
0,1,2,23,36,219,1,46,222,1,4.8,82,5.4,13,11,1,25,8,78,1,1
1,1,1,23,63.9,219,4,38,217,2,5.7,75,8.3,12,9,2,23,6,67,0,1
2,1,1,31,37,404,5,39,180,2,4.6,89,7.1,18,7,1,26,7,45,0,1
3,0,3,13,62.2,404,0,42,235,0,5.6,73,6.1,7,11,0,18,13,86,1,2
4,0,2,26,50,448,2,35,22,0,0.6,83,4.0,17,4,2,23,3,25,0,2
5,1,1,21,62.0,448,2,46,142,1,3.1,78,5.6,14,10,2,26,8,55,0,1
6,1,1,17,31,208,2,48,111,0,2.3,78,4.4,9,12,5,26,4,45,0,1
7,1,2,22,41.9,208,4,54,158,1,2.9,86,6.6,16,10,4,30,7,80,2,0
8,1,1,23,48,314,4,32,98,1,3.1,64,7.1,16,3,4,23,8,76,0,1
9,1,2,20,54.2,314,4,47,147,2,3.1,81,5.1,9,9,5,23,5,33,1,1
10,0,2,19,32,298,2,30,200,0,6.7,72,5.3,14,7,2,23,1,15,1,1
11,1,0,18,65.6,298,5,32,131,0,4.1,57,7.9,10,6,2,18,7,70,0,0
12,1,1,29,30,233,4,28,65,2,2.3,71,5.4,13,6,4,23,4,42,0,1
13,1,3,18,56.7,233,2,44,110,1,2.5,75,5.1,12,9,6,27,5,46,1,2
0,1,0,3,5,50,0,67,370,5,5.5,72,5.8,3,21,0,24,5,45,0,0
1,1,0,3,60.0,50,0,59,176,3,3.0,69,3.3,3,10,1,14,5,38,0,0
2,0,2,6,10,49,1,61,438,5,7.2,73,8.5,5,16,2,23,5,30,1,1
3,1,0,2,30.0,49,0,73,446,4,6.1,78,6.6,2,21,1,24,3,15,0,0
4,1,0,1,12,182,0,73,408,5,5.6,75,5.9,2,20,2,24,6,55,0,0
5,1,1,7,50.0,182,1,64,211,2,3.3,74,4.3,6,13,1,20,1,5,1,0
6,1,1,1,5,70,0,63,307,3,4.9,68,5.4,1,17,1,19,4,43,1,0
7,0,2,5,40.0,70,1,48,192,1,4.0,63,4.1,3,10,2,15,3,28,1,1
8,0,1,13,2,33,1,48,176,0,3.7,71,5.7,10,12,0,22,4,30,0,1
9,1,1,4,50.0,33,2,69,388,3,5.6,80,6.4,2,23,1,26,4,46,0,1
10,1,1,1,10,110,0,83,476,5,5.7,88,5.7,1,25,0,26,7,80,1,0
11,1,0,0,70.0,110,0,69,511,6,7.4,69,7.4,0,26,0,26,5,55,0,0
12,1,0,9,5,59,2,55,170,2,3.1,65,6.5,9,11,1,21,3,35,0,0
0,0,1,25,39,263,2,26,20,1,0.8,65,4.4,13,4,0,17,6,49,0,1
1,1,1,17,64.1,263,2,37,121,3,3.3,62,7.4,11,7,3,21,7,103,1,0
2,0,2,22,25,340,1,35,61,1,1.7,70,4.3,12,6,1,19,2,20,1,1
3,1,1,22,68.0,340,2,40,153,1,3.8,79,5.6,10,11,4,25,5,40,0,1
4,0,3,34,35,242,4,32,62,0,1.9,79,5.7,15,7,2,24,4,21,2,1
5,1,0,18,62.9,242,0,45,140,2,3.1,74,4.2,8,12,4,24,5,54,0,0
6,0,2,23,39,286,1,25,78,1,3.1,61,5.5,11,6,1,18,8,75,1,1
7,1,0,21,56.4,286,3,48,178,1,3.7,80,5.4,14,11,2,27,6,59,0,0
8,1,1,15,47,388,1,50,187,3,3.7,78,6.0,11,10,3,24,4,50,0,1
9,1,0,23,72.3,388,1,38,160,1,4.2,70,5.5,11,10,1,22,4,30,0,0
10,1,1,12,29,172,1,44,239,1,5.4,69,6.2,8,14,1,23,7,90,0,1
11,0,3,22,62.1,172,2,34,92,0,2.7,76,4.2,13,7,0,20,1,5,0,3
0,1,1,15,26,196,1,43,151,1,3.5,69,5.0,10,6,1,17,4,50,0,1
1,1,1,13,57.7,196,2,45,191,4,4.2,68,5.8,9,14,1,24,4,30,1,0
2,1,0,14,23,204,1,39,177,3,4.5,62,6.1,8,10,1,19,4,40,0,0
3,1,2,15,56.5,204,1,45,203,2,4.5,71,5.0,6,15,1,22,10,99,0,2
4,0,2,11,23,201,1,27,114,1,4.2,55,4.7,9,6,0,15,6,40,2,0
5,0,5,9,60.9,201,0,33,128,0,3.9,63,4.3,8,6,2,16,3,23,1,4
6,0,2,14,26,149,0,36,108,0,3.0,66,3.9,8,7,1,16,7,39,1,1
7,0,2,12,57.7,149,2,50,271,1,5.4,72,5.6,5,13,0,18,0,0,0,2
8,1,1,9,28,143,2,57,385,2,6.8,73,6.5,5,14,3,22,3,40,1,0
9,0,1,11,39.3,143,1,29,132,1,4.6,47,6.1,5,6,0,11,8,50,0,1
10,1,1,12,30,143,2,47,363,2,7.7,62,9.8,9,13,0,22,7,73,0,1
11,0,0,18,30.0,143,1,37,119,1,3.2,66,4.6,9,8,0,17,3,26,0,0
12,1,0,9,30,147,1,53,404,6,7.6,64,8.3,5,14,3,22,7,74,0,0
0,0,2,33,49,338,1,40,124,2,3.1,89,5.2,21,7,0,28,5,50,1,1
1,0,1,20,67.3,338,2,33,207,1,6.3,71,6.3,12,8,0,20,11,115,0,1
2,1,1,11,38,238,0,48,211,0,4.4,76,4.2,6,10,2,18,7,60,1,0
3,0,1,16,52.6,238,1,48,95,1,2.0,78,3.2,8,4,0,12,7,54,1,0
4,1,0,19,28,110,1,53,217,1,4.1,76,5.9,11,8,2,21,4,40,0,0
5,1,0,16,39.3,110,1,54,163,2,3.0,80,5.7,11,10,0,21,8,75,0,0
6,0,2,18,30,155,1,43,190,2,4.4,73,6.5,16,9,1,26,9,86,1,1
7,0,0,23,53.3,155,1,35,105,0,3.0,71,5.4,14,6,3,23,5,50,0,0
8,0,2,20,23,232,2,35,170,0,4.9,71,5.0,13,8,1,22,7,75,0,2
9,0,2,13,82.6,232,0,37,135,3,3.6,59,5.2,9,7,1,17,8,67,0,2
10,0,3,29,26,289,5,37,124,1,3.4,85,7.7,19,6,2,27,9,100,1,2
11,0,5,19,61.5,289,0,51,230,1,4.5,81,5.5,10,10,0,20,5,50,3,2
0,1,1,23,29,183,3,35,140,0,4.0,64,5.0,9,7,0,16,3,16,1,0
1,1,0,26,79.3,183,3,46,178,1,3.9,84,6.7,15,11,3,29,12,112,0,0
2,0,1,10,38,381,0,36,89,0,2.5,59,2.1,2,7,0,9,4,18,0,1
3,0,2,17,68.4,381,0,35,123,1,3.5,74,3.9,9,6,2,17,8,64,1,1
4,0,3,14,23,33,1,20,47,0,2.4,43,5.3,8,4,2,14,9,79,2,1
5,0,2,13,43.5,33,0,34,66,0,1.9,61,3.2,4,6,2,12,9,86,1,1
6,0,3,4,39,165,0,35,58,0,1.7,55,1.3,0,7,4,11,8,51,1,2
7,1,0,10,43.6,165,1,44,147,1,3.3,55,4.7,4,7,1,12,5,45,0,0
8,0,3,10,23,179,1,48,260,1,5.4,64,4.6,1,12,0,13,4,29,3,0
9,0,1,2,60.9,179,0,38,162,1,4.3,46,4.3,1,5,1,7,9,82,0,1
10,0,2,2,27,127,0,42,83,0,2.0,49,2.1,1,6,3,10,5,36,1,1
11,0,2,12,48.1,127,1,48,101,0,2.1,67,2.8,5,9,2,16,7,67,2,0
0,1,3,6,19,76,0,42,263,3,6.3,61,5.6,4,12,1,17,8,82,2,1
1,1,0,10,31.6,76,2,55,271,2,4.9,70,6.5,5,14,2,21,8,85,0,0
2,1,1,10,15,183,1,45,204,2,4.5,64,3.9,2,8,2,12,5,49,1,0
3,1,1,17,66.7,183,1,47,281,4,6.0,73,6.2,8,13,3,24,6,43,0,1
4,1,1,12,19,44,0,43,203,4,4.7,68,4.9,5,8,6,19,5,37,1,0
5,1,1,15,52.6,44,2,36,70,0,1.9,66,3.6,9,5,4,18,7,74,1,0
6,1,0,11,26,169,0,37,159,2,4.3,50,4.6,3,7,0,10,10,61,0,0
7,0,3,17,65.4,169,1,33,165,2,5.0,71,5.8,12,9,2,23,6,70,1,2
8,1,1,12,25,133,0,43,128,2,3.0,59,3.8,7,7,1,15,9,90,1,0
9,1,0,21,48.0,133,1,39,186,1,4.8,73,5.0,8,10,2,20,2,20,0,0
10,1,1,18,30,170,3,32,98,0,3.1,57,5.1,9,5,1,15,6,29,0,1
11,1,0,20,50.0,170,1,37,119,2,3.2,72,5.7,13,7,0,20,8,66,0,0
12,0,2,16,13,72,1,39,148,0,3.8,68,4.6,9,6,2,17,9,120,2,0
13,1,0,24,84.6,72,3,40,156,2,3.9,76,6.4,17,10,4,31,14,124,0,0
0,1,1,27,39,382,4,35,159,1,4.5,74,7.3,13,12,0,25,7,81,0,1
1,0,3,30,69.2,382,1,30,77,1,2.6,73,5.1,16,3,4,23,8,63,3,0
2,1,1,22,43,298,5,38,196,4,5.2,67,10.0,15,9,1,25,7,65,1,0
3,1,3,39,69.8,298,2,37,114,3,3.1,90,6.3,20,10,2,32,8,55,2,1
4,1,1,30,29,475,5,23,83,0,3.6,65,7.1,16,6,1,23,4,45,0,1
5,0,6,28,75.9,475,3,31,117,0,3.8,82,6.2,18,8,5,31,10,120,2,4
6,1,0,15,53,455,2,42,163,0,3.9,70,3.7,7,6,2,15,6,52,0,0
7,1,1,26,73.6,455,2,30,205,2,6.8,68,6.8,16,7,1,24,10,97,1,0
8,1,1,25,42,378,1,34,179,2,5.3,77,6.3,11,10,3,24,6,53,1,0
9,0,3,22,71.4,378,2,27,77,0,2.9,65,5.5,11,5,2,18,11,91,0,3
10,1,1,24,51,388,3,40,97,1,2.4,71,5.6,11,8,4,23,10,79,1,0
11,1,1,28,54.9,388,4,34,138,1,4.1,71,6.8,15,9,3,27,7,67,1,0
12,1,0,26,28,96,1,35,181,2,5.2,76,6.1,15,10,1,26,5,58,0,0
0,1,1,22,39,312,2,26,61,0,2.3,65,5.7,12,5,2,19,4,45,0,1
1,1,0,37,56.4,312,5,19,145,1,7.6,65,9.0,19,7,0,26,10,59,0,0
2,0,1,28,46,441,1,23,25,1,1.1,64,5.2,9,5,0,14,8,62,0,1
3,1,0,25,80.4,441,1,30,130,3,4.3,67,5.9,10,6,2,18,11,76,0,0
4,1,1,34,41,306,6,23,69,0,3.0,69,7.7,20,3,4,27,5,50,0,1
5,1,0,34,68.3,306,2,38,82,2,2.2,93,5.1,18,5,2,25,4,50,0,0
6,0,2,49,37,263,4,21,47,0,2.2,82,6.4,21,5,4,30,10,97,1,1
7,1,2,37,67.6,263,4,18,22,0,1.2,67,6.6,21,2,2,25,12,100,1,1
8,1,2,36,46,463,1,30,53,0,1.8,85,4.3,17,6,2,25,3,25,0,2
9,0,0,34,73.9,463,3,15,8,0,0.5,63,5.7,17,1,1,19,9,77,0,0
10,0,1,26,55,395,4,27,18,1,0.7,70,5.1,15,6,3,24,4,20,0,1
11,1,0,20,61.8,395,4,35,226,3,6.5,62,8.5,10,11,1,22,2,20,0,0
12,0,1,12,61,476,1,31,121,2,3.9,54,4.5,6,6,4,16,3,35,0,1
0,0,2,28,53,243,1,20,40,0,2.0,73,3.9,8,4,4,16,5,25,0,2
1,1,4,18,52.8,243,3,48,268,4,5.6,73,7.8,12,12,1,25,3,21,3,1
2,0,2,24,25,305,2,29,88,2,3.0,78,5.8,17,7,2,26,6,49,0,2
3,0,1,18,72.0,305,0,37,127,1,3.4,76,4.9,11,4,1,16,3,33,1,0
4,1,2,16,49,366,1,33,215,3,6.5,58,8.5,11,10,0,21,6,32,1,1
5,1,1,11,49.0,366,2,44,232,1,5.3,71,4.9,7,11,3,21,7,81,1,0
6,0,5,22,39,242,0,29,188,2,6.5,68,5.8,9,8,0,17,5,44,1,4
7,1,2,25,46.2,242,0,36,263,4,7.3,65,7.4,11,13,1,25,7,55,2,0
8,0,3,27,25,277,3,22,12,0,0.5,68,5.3,16,1,2,19,10,89,1,2
9,0,2,19,64.0,277,1,30,85,0,2.8,65,4.0,8,5,3,16,6,65,1,1
10,0,2,10,27,116,1,28,57,0,2.0,51,4.7,5,4,1,10,4,40,0,2
11,1,2,23,40.7,116,2,38,129,3,3.4,79,6.8,14,8,3,25,4,37,2,0
12,1,1,19,39,205,3,36,167,2,4.6,67,7.3,15,9,2,26,2,15,0,1
0,1,2,18,30,410,4,23,133,2,5.8,53,10.2,14,6,1,21,11,91,1,1
1,0,2,24,60.0,410,0,19,68,1,3.6,65,5.8,14,3,1,18,10,93,0,2
2,1,2,23,46,308,2,26,56,0,2.2,77,3.8,12,3,0,15,5,47,1,1
3,0,3,9,52.2,308,0,30,60,0,2.0,56,2.1,3,5,3,11,8,74,2,1
4,1,1,15,51,235,3,34,212,2,6.2,52,7.8,7,9,2,18,7,68,1,0
5,0,3,11,45.1,235,2,31,113,0,3.6,53,5.0,7,6,0,13,9,70,2,1
6,0,1,16,26,59,0,42,117,1,2.8,77,4.5,8,8,2,18,12,101,0,1
7,1,2,17,34.6,59,0,33,216,3,6.5,61,7.0,9,11,0,20,1,5,2,0
8,1,0,11,18,193,1,37,237,2,6.4,59,6.6,7,10,0,17,4,27,0,0
9,0,3,25,83.3,193,3,27,164,0,6.1,76,5.9,11,8,0,19,5,50,1,2
10,0,3,19,22,154,0,22,12,1,0.5,54,2.8,7,3,0,10,8,100,2,1
11,0,2,19,50.0,154,0,25,64,0,2.6,68,4.8,12,5,4,23,7,56,2,0
0,0,2,12,23,140,0,44,199,3,4.5,67,5.1,6,11,0,17,7,60,1,1
1,0,0,7,52.2,140,0,32,88,1,2.8,51,3.0,4,6,1,11,3,25,0,0
2,0,1,10,19,67,0,31,40,0,1.3,50,2.7,3,3,1,7,6,47,0,1
3,0,1,15,36.8,67,2,36,152,2,4.2,64,6.8,8,8,2,18,5,36,1,0
4,0,3,26,19,94,2,29,35,0,1.2,67,5.2,15,5,0,20,7,36,1,2
5,0,2,12,52.6,94,0,31,219,3,7.1,55,6.0,3,8,1,12,7,95,0,2
6,0,1,20,28,281,1,40,95,1,2.4,69,4.9,12,6,0,18,3,18,1,0
7,0,3,27,53.6,281,2,24,10,1,0.4,65,4.5,14,3,4,21,3,19,0,3
8,1,2,20,38,316,2,28,77,2,2.8,61,5.0,10,5,0,15,1,15,1,1
9,1,3,15,68.4,316,0,49,293,3,6.0,74,6.3,8,10,3,21,6,55,1,2
10,0,2,21,24,111,2,26,22,0,0.8,60,6.6,12,1,1,14,5,39,0,2
11,0,2,8,50.0,111,0,25,87,2,3.5,43,5.0,5,4,3,12,1,10,2,0
0,1,1,15,24,172,1,49,186,3,3.8,73,4.9,7,10,3,20,8,87,1,0
1,1,0,17,62.5,172,2,38,269,3,7.1,73,6.9,13,12,2,27,4,35,0,0
2,1,0,21,35,236,3,40,182,3,4.6,69,6.3,12,10,4,26,6,80,0,0
3,1,0,10,48.6,236,3,31,187,1,6.0,55,7.1,9,7,1,17,9,95,0,0
4,0,1,14,29,254,0,53,228,3,4.3,79,5.2,9,12,0,21,10,99,0,1
5,1,2,20,72.4,254,1,35,210,2,6.0,63,7.2,9,13,1,23,9,82,2,0
6,1,3,29,24,206,0,24,121,5,5.0,63,6.6,14,7,1,22,9,57,1,2
7,1,1,26,41.7,206,3,36,256,4,7.1,72,7.9,15,15,2,32,5,40,0,1
8,1,1,10,26,186,1,56,329,2,5.9,76,5.6,3,17,2,22,8,70,0,1
9,1,2,17,53.8,186,1,47,306,4,6.5,69,6.4,5,19,2,26,5,41,2,0
10,0,0,17,28,244,1,23,63,0,2.7,58,5.1,8,8,2,18,6,45,0,0
11,1,0,23,71.4,244,2,41,231,3,5.6,69,7.3,14,12,0,26,10,52,0,0
12,0,2,13,39,296,0,29,74,1,2.6,53,4.2,5,7,2,14,9,87,0,2
13,0,1,27,74.4,296,3,33,191,1,5.8,73,6.8,12,13,1,26,5,35,0,1
0,0,1,20,35,211,1,26,149,1,5.7,61,5.9,10,7,3,20,6,50,1,0
1,1,1,21,57.1,211,3,33,159,3,4.8,65,7.1,15,11,1,27,1,10,0,1
2,0,4,20,32,303,2,30,99,0,3.3,64,4.4,9,5,1,15,7,51,2,2
3,0,3,25,65.6,303,1,37,70,0,1.9,75,4.2,13,7,2,22,7,55,0,3
4,1,2,25,34,180,3,31,120,0,3.9,73,4.6,12,8,1,21,3,20,0,2
5,1,1,32,58.8,180,3,24,92,1,3.8,70,7.0,16,7,0,23,4,54,0,1
6,1,0,17,38,248,3,27,100,2,3.7,57,6.8,11,7,2,20,8,72,0,0
7,0,1,26,65.8,248,0,23,93,3,4.0,60,5.8,15,5,0,20,4,35,0,1
8,1,1,17,42,213,2,42,166,2,4.0,69,5.8,7,10,2,19,4,32,0,1
9,0,3,20,59.5,213,2,25,91,1,3.6,61,6.1,10,8,2,20,4,42,1,2
10,1,0,13,46,399,4,36,223,2,6.2,59,8.2,8,10,0,18,6,55,0,0
11,1,0,27,69.6,399,0,41,209,3,5.1,73,6.2,13,11,2,26,10,95,0,0
12,0,1,18,30,289,2,26,13,1,0.5,66,3.6,5,2,4,11,5,30,1,0
0,0,1,21,38,285,0,25,78,3,3.1,63,5.8,10,5,0,15,8,50,0,1
1,1,1,21,55.3,285,2,42,256,4,6.1,71,7.9,13,13,2,28,7,62,1,0
2,1,1,17,29,302,3,39,248,3,6.4,64,6.8,9,14,0,23,5,60,0,1
3,1,2,15,72.4,302,4,51,322,2,6.3,70,7.6,9,18,4,31,14,154,0,2
4,1,2,7,25,190,0,50,242,3,4.8,65,4.5,3,15,0,18,3,14,1,1
5,0,2,11,68.0,190,0,45,309,3,6.9,71,6.6,6,18,2,26,2,15,0,2
6,1,1,14,19,213,2,41,260,3,6.3,60,7.8,8,13,1,22,11,114,1,0
7,0,3,15,78.9,213,2,31,159,1,5.1,57,7.1,8,10,0,18,5,47,1,2
8,0,1,20,15,48,1,43,220,3,5.1,81,5.9,8,16,1,25,9,88,0,1
9,1,0,19,46.7,48,2,51,218,3,4.3,76,6.3,11,14,4,29,6,55,0,0
10,1,1,12,26,158,1,46,237,2,5.2,64,5.1,4,14,2,20,3,40,1,0
11,0,1,25,42.3,158,2,21,85,2,4.0,60,6.6,18,4,1,23,3,30,0,1
12,0,2,21,19,208,0,36,152,1,4.2,66,6.3,10,11,2,23,13,91,1,1
0,0,1,25,38,177,1,27,153,1,5.7,65,5.1,7,8,2,17,5,56,0,1
1,0,0,16,65.8,177,2,27,133,2,4.9,54,8.2,8,6,2,16,8,74,0,0
2,1,1,22,27,309,2,33,246,3,7.5,67,8.0,13,14,2,29,6,70,0,1
3,0,3,30,59.3,309,2,37,138,1,3.7,79,5.8,13,6,2,21,8,69,1,2
4,0,1,14,34,288,0,34,117,1,3.4,64,4.2,5,9,0,14,5,30,0,1
5,0,0,25,64.7,288,2,36,155,0,4.3,80,5.0,12,10,1,23,10,77,0,0
6,1,0,22,42,319,2,40,213,0,5.3,70,6.3,11,12,0,23,7,75,0,0
7,1,0,17,71.4,319,3,45,258,2,5.7,71,7.3,13,11,1,25,1,15,0,0
8,0,0,11,30,152,0,24,28,0,1.2,53,2.3,3,2,4,9,7,53,0,0
9,1,2,19,46.7,152,2,34,352,3,10.4,63,10.1,10,12,0,22,9,107,1,1
10,0,2,16,44,247,0,32,92,2,2.9,63,3.4,8,6,2,16,3,25,0,2
11,1,0,18,56.8,247,0,31,88,2,2.8,52,5.1,8,5,0,13,6,53,0,0
0,0,3,27,46,226,0,27,65,1,2.4,73,4.0,14,4,3,21,3,30,0,3
1,0,1,20,58.7,226,1,32,50,0,1.6,69,5.0,12,5,2,19,6,59,1,0
2,1,3,25,37,293,3,39,200,3,5.1,83,7.2,17,10,3,30,6,57,1,2
3,1,1,19,54.1,293,2,30,92,2,3.1,62,5.3,11,5,2,18,7,62,1,0
4,0,2,17,44,398,1,35,176,2,5.0,61,5.2,4,11,0,15,2,15,1,1
5,0,2,20,56.8,398,1,30,108,1,3.6,60,4.9,9,7,3,19,3,20,0,2
6,1,0,13,32,234,2,38,88,1,2.3,60,5.1,6,7,3,16,4,45,0,0
7,1,0,17,59.4,234,1,41,230,0,5.6,66,5.7,6,15,0,21,4,29,0,0
8,0,1,15,26,142,0,24,55,2,2.3,51,3.3,4,2,1,7,6,48,0,1
9,0,2,19,65.4,142,1,30,95,3,3.2,63,4.2,8,6,3,17,1,3,1,1
10,0,4,34,30,184,2,28,38,0,1.4,84,5.1,16,5,1,22,7,70,2,2
11,0,4,17,66.7,184,1,14,10,1,0.7,45,4.4,8,2,0,10,3,41,0,4
0,0,2,23,30,194,1,22,39,0,1.8,52,4.5,9,3,2,14,9,65,0,2
1,1,0,16,76.7,194,2,30,141,3,4.7,53,7.1,9,4,5,18,5,27,0,0
2,1,0,19,23,234,2,27,204,3,7.6,56,7.5,10,7,3,20,8,53,0,0
3,0,0,19,69.6,234,3,22,67,0,3.0,54,6.7,9,2,0,11,4,25,0,0
4,1,0,20,29,218,3,35,124,1,3.5,71,5.0,12,7,4,23,10,59,0,0
5,0,3,27,65.5,218,1,20,13,0,0.7,65,5.7,16,1,3,20,4,40,0,3
6,0,2,23,32,293,2,35,76,1,2.2,67,5.2,12,6,2,20,8,60,2,0
7,0,3,21,59.4,293,0,28,67,1,2.4,60,4.4,10,5,2,17,4,25,1,2
8,0,2,15,36,230,0,31,82,1,2.6,54,3.1,6,4,1,11,2,18,1,1
9,0,3,10,55.6,230,1,27,136,1,5.0,49,4.7,5,9,1,15,7,58,1,2
10,0,2,26,45,356,0,26,43,1,1.7,69,4.1,14,4,4,22,4,25,0,2
11,0,2,20,60.0,356,1,22,55,1,2.5,47,4.8,5,5,1,11,9,64,2,0
0,1,2,21,29,262,3,31,188,2,6.1,60,7.5,15,10,3,28,3,30,1,1
1,0,2,15,72.4,262,1,25,193,1,7.7,51,6.7,5,7,3,15,6,40,1,1
2,0,1,33,26,147,3,31,70,0,2.3,89,3.7,15,3,3,21,6,51,0,1
3,1,3,13,57.7,147,0,31,216,2,7.0,54,6.5,7,9,3,19,4,40,3,0
4,1,0,22,58,257,3,35,180,3,5.1,63,7.7,13,7,3,23,2,30,0,0
5,1,2,21,56.9,257,2,36,208,3,5.8,69,6.6,14,11,3,28,5,45,0,2
6,0,0,22,23,137,2,41,188,2,4.6,77,5.9,12,11,5,28,4,35,0,0
7,1,0,17,56.5,137,1,44,290,5,6.6,71,6.6,9,17,1,27,5,53,0,0
8,1,1,13,28,306,0,46,441,6,9.6,68,8.5,7,23,1,31,2,10,1,0
9,1,0,19,78.6,306,2,44,174,3,4.0,74,6.3,14,9,3,26,8,85,0,0
10,1,0,10,33,247,0,50,208,4,4.2,68,5.7,8,15,1,24,5,45,0,0
11,1,1,14,63.6,247,3,44,266,1,6.0,67,6.6,10,13,0,23,2,20,0,1
12,1,2,15,36,267,1,40,191,3,4.8,64,5.6,7,11,3,21,10,89,0,2
13,0,1,19,61.1,267,3,44,226,2,5.1,68,6.8,11,10,4,25,5,50,1,0
0,1,0,12,22,148,1,41,252,4,6.1,63,6.3,8,12,0,20,7,85,0,0
1,1,1,9,54.5,148,3,43,223,2,5.2,59,8.2,7,12,0,19,8,73,0,1
2,0,2,14,16,260,3,29,117,2,4.0,53,7.5,9,7,1,17,5,29,2,0
3,1,0,18,56.3,260,2,49,216,3,4.4,78,6.0,11,13,0,24,6,105,0,0
4,0,0,21,24,278,1,51,216,1,4.2,83,5.4,12,9,2,23,8,89,0,0
5,1,2,8,58.3,278,1,47,329,3,7.0,66,6.2,6,14,2,22,8,95,1,1
6,1,0,21,29,251,2,37,246,1,6.6,63,6.8,7,15,0,22,6,60,0,0
7,0,3,24,62.1,251,1,45,110,3,2.4,91,3.9,14,11,3,28,8,50,1,2
8,0,1,27,32,235,2,35,146,1,4.2,79,5.2,12,9,3,24,7,45,0,1
9,1,1,18,65.6,235,0,41,244,5,6.0,67,7.5,10,13,4,27,9,67,0,1
10,1,2,16,19,82,4,44,260,4,5.9,66,9.2,14,13,3,30,8,74,0,2
11,1,1,19,42.1,82,3,44,282,2,6.4,72,6.2,7,18,1,26,6,47,1,0
0,1,2,14,18,199,0,40,222,6,5.6,58,7.3,6,12,4,22,13,135,2,0
1,1,1,20,77.8,199,2,47,290,3,6.2,76,6.1,10,18,1,29,7,63,0,1
2,0,4,21,29,175,0,33,161,2,4.9,62,6.9,11,8,0,19,16,121,2,2
3,1,0,20,69.0,175,1,30,170,4,5.7,57,7.8,12,10,3,25,7,90,0,0
4,1,1,13,29,265,2,31,182,3,5.9,50,9.4,8,7,2,17,6,51,1,0
5,1,1,14,72.4,265,0,41,265,3,6.5,64,6.9,8,12,1,21,5,53,1,0
6,0,1,20,27,272,2,35,148,1,4.2,66,5.8,11,9,0,20,13,115,1,0
7,0,5,26,74.1,272,2,32,131,1,4.1,71,5.7,11,9,0,20,6,35,3,2
8,1,3,11,19,287,0,39,291,4,7.5,59,7.4,6,11,2,19,5,48,1,2
9,1,2,10,68.4,287,1,57,286,3,5.0,73,5.2,6,18,0,24,9,94,1,1
10,0,1,16,23,175,0,30,100,1,3.3,57,4.7,7,7,1,15,10,64,0,1
11,1,0,10,60.9,175,2,37,228,2,6.2,51,6.2,4,12,0,16,10,119,0,0
12,0,1,11,31,237,0,33,60,1,1.8,54,4.1,6,8,0,13,6,27,0,1
0,1,0,10,15,102,1,49,281,4,5.7,64,6.0,5,16,1,22,12,118,0,0
1,0,1,13,66.7,102,0,38,171,1,4.5,63,4.1,3,9,2,14,2,17,0,1
2,0,2,12,25,89,0,21,-19,0,-0.9,45,1.4,3,3,0,6,3,30,2,0
3,0,0,7,52.0,89,0,44,183,1,4.2,61,4.1,4,10,4,18,8,84,0,0
4,0,2,10,24,82,1,39,80,1,2.1,56,4.3,5,4,2,11,7,79,1,1
5,1,0,12,50.0,82,2,39,117,0,3.0,58,6.3,9,6,3,18,6,76,0,0
6,0,1,9,17,67,0,28,35,0,1.3,46,2.3,2,4,1,7,2,15,0,1
7,0,0,25,41.2,67,3,30,117,1,3.9,63,5.4,10,8,1,19,11,75,0,0
8,1,0,15,17,162,3,44,222,1,5.0,68,5.8,8,10,2,20,9,65,0,0
9,0,1,18,58.8,162,0,47,192,2,4.1,76,4.7,6,12,2,20,7,48,1,0
10,1,0,14,19,248,0,27,71,1,2.6,52,3.5,4,3,2,9,5,45,0,0
11,0,0,9,63.2,248,0,32,64,0,2.0,55,2.7,3,6,0,9,4,25,0,0
0,1,1,24,36,256,2,34,160,0,4.7,70,5.9,12,9,1,23,4,35,1,0
1,0,1,27,66.7,256,1,33,185,2,5.6,75,5.4,10,13,1,24,9,111,0,1
2,1,3,31,42,223,4,25,48,1,1.9,73,6.1,17,5,2,24,5,35,1,2
3,0,4,31,64.3,223,1,22,76,2,3.5,71,6.1,14,9,9,32,11,98,1,3
4,1,1,19,48,399,3,34,221,1,6.5,63,7.9,10,9,1,20,12,125,1,0
5,0,1,33,64.6,399,2,25,92,1,3.7,78,6.3,22,5,0,27,9,95,0,1
6,0,2,27,49,355,0,33,129,2,3.9,70,6.1,12,12,1,25,9,65,1,1
7,1,1,27,63.3,355,4,43,235,1,5.5,82,6.7,19,10,6,35,9,100,0,1
8,0,2,24,29,276,0,27,92,1,3.4,72,4.3,11,5,4,20,5,55,0,2
9,0,2,27,65.5,276,1,39,159,3,4.1,86,5.6,13,12,2,27,8,78,0,2
10,0,0,23,53,401,1,44,210,2,4.8,80,5.7,13,14,1,27,8,64,0,0
11,0,2,25,62.3,401,2,40,144,0,3.6,79,5.2,13,10,2,25,7,39,2,0
0,0,1,36,48,345,1,35,81,0,2.3,83,5.1,16,10,1,27,4,19,0,1
1,0,1,18,75.0,345,2,20,51,0,2.6,56,4.1,4,2,3,9,8,73,0,1
2,0,3,25,36,179,2,27,106,0,3.9,68,5.3,10,8,1,19,7,70,1,2
3,0,5,21,50.0,179,1,53,202,1,3.8,88,4.9,13,14,4,31,9,58,0,5
4,0,2,26,41,257,1,42,122,0,2.9,80,4.5,11,11,5,27,12,81,2,0
5,0,2,20,61.0,257,0,31,127,0,4.1,70,4.0,6,9,4,19,8,63,0,2
6,0,2,13,35,233,0,40,218,1,5.5,61,4.6,3,10,2,15,10,73,0,2
7,0,1,22,60.0,233,1,32,127,2,4.0,71,6.6,15,6,3,24,12,130,1,0
8,1,3,16,38,240,0,49,211,1,4.3,79,4.3,7,13,1,21,7,85,0,3
9,0,0,20,68.4,240,1,30,102,1,3.4,65,5.1,9,3,4,16,5,33,0,0
10,0,1,23,39,153,2,29,175,0,6.0,71,5.4,11,5,2,18,11,64,0,1
11,0,2,28,51.3,153,1,34,50,0,1.5,73,5.4,14,6,2,22,12,96,1,1
0,1,2,22,30,135,0,31,121,0,3.9,61,4.2,7,6,2,15,10,94,1,1
1,1,1,14,73.3,135,6,38,163,1,4.3,60,9.0,10,11,2,23,4,47,0,1
2,1,3,24,22,376,3,31,184,2,5.9,66,7.4,16,8,2,26,7,52,1,2
3,1,1,21,63.6,376,3,45,244,5,5.4,73,7.3,14,13,2,29,4,17,0,1
4,1,0,7,35,307,0,56,273,3,4.9,67,5.1,3,16,3,22,6,40,0,0
5,1,0,14,68.6,307,2,49,201,2,4.1,70,6.2,8,11,3,22,3,18,0,0
6,1,0,14,28,291,3,27,166,1,6.1,47,8.9,13,7,0,20,5,42,0,0
7,1,3,10,75.0,291,1,33,193,2,5.8,52,6.8,7,10,1,18,6,38,1,2
8,1,1,20,11,72,3,33,168,2,5.1,63,8.0,17,7,1,25,4,35,0,1
9,1,0,17,63.6,72,1,41,274,4,6.7,70,7.0,12,14,0,26,5,55,0,0
10,1,3,20,21,231,4,32,233,4,7.3,69,7.1,12,9,1,22,2,25,1,2
11,1,0,14,66.7,231,4,30,209,2,7.0,50,9.3,10,9,2,21,0,0,0,0
12,0,2,29,20,250,3,30,109,0,3.6,78,5.8,15,10,5,30,6,45,0,2
13,1,0,21,70.0,250,4,35,190,0,5.4,66,7.9,9,12,0,21,5,70,0,0
14,1,1,17,19,161,2,30,140,1,4.7,56,6.5,10,7,3,20,10,70,1,0
0,1,3,22,33,419,4,34,145,2,4.3,67,8.4,14,7,3,24,7,65,2,1
1,1,2,10,66.7,419,1,52,340,4,6.5,70,7.4,8,16,2,26,3,35,1,1
2,1,3,23,18,179,2,25,103,1,4.1,60,6.0,12,7,1,20,8,60,1,2
3,1,3,15,55.6,179,0,44,230,1,5.2,66,5.0,7,13,2,22,4,29,2,1
4,1,1,7,35,254,1,29,137,1,4.7,46,4.9,5,7,1,13,4,30,0,1
5,1,0,14,65.7,254,3,45,330,3,7.3,62,7.7,7,16,1,24,3,25,0,0
6,0,0,32,22,102,2,27,51,0,1.9,69,3.5,11,4,1,16,3,15,0,0
7,0,4,17,68.2,102,1,20,66,0,3.3,48,4.5,8,5,1,14,6,68,1,3
8,0,1,32,17,87,3,49,225,3,4.6,99,6.2,20,14,1,35,7,58,0,1
9,1,1,14,41.2,87,2,36,236,1,6.6,58,7.1,9,11,1,21,4,45,0,1
10,1,4,24,17,145,4,36,248,3,6.9,71,10.0,16,11,2,29,7,69,3,1
11,1,0,15,82.4,145,0,49,362,7,7.4,68,7.5,10,18,1,29,4,29,0,0
12,1,1,17,42,192,1,45,124,1,2.8,73,4.9,10,11,3,24,3,20,0,1
0,1,2,12,24,144,1,64,331,4,5.2,88,5.4,6,21,3,30,5,45,2,0
1,0,3,22,50.0,144,2,33,136,2,4.1,66,5.7,10,6,4,20,13,134,2,1
2,1,1,20,33,238,3,47,202,4,4.3,79,5.3,10,10,4,24,3,35,1,0
3,0,0,15,66.7,238,2,37,148,0,4.0,68,6.2,9,10,1,20,10,85,0,0
4,1,0,15,32,215,3,59,458,5,7.8,78,8.8,10,22,3,35,2,20,0,0
5,1,0,17,62.5,215,3,49,247,3,5.0,72,6.6,8,15,1,24,2,30,0,0
6,0,1,18,31,275,1,50,222,2,4.4,79,5.9,11,16,2,29,6,48,1,0
7,0,1,19,48.4,275,3,27,65,0,2.4,55,6.3,7,2,1,10,12,98,0,1
8,1,1,15,19,225,4,27,145,1,5.4,47,9.8,9,7,1,17,6,40,1,0
9,0,2,30,78.9,225,2,36,55,0,1.5,84,4.6,15,5,2,22,6,40,1,1
10,1,0,24,23,225,2,43,250,5,5.8,72,7.8,12,15,1,28,6,45,0,0
11,1,1,10,73.9,225,2,42,285,3,6.8,60,7.4,7,18,1,26,4,40,1,0
12,0,1,26,29,245,5,62,293,1,4.7,104,6.5,11,16,4,31,14,128,1,0
0,1,1,18,27,185,4,48,254,1,5.3,75,5.9,9,13,1,23,8,61,1,0
1,1,3,13,66.7,185,1,39,100,0,2.6,63,5.2,4,10,2,16,7,55,2,1
2,0,2,14,24,225,1,34,90,0,2.6,63,4.8,7,5,1,13,9,70,1,1
3,0,0,17,54.2,225,1,26,58,0,2.2,51,4.2,9,2,1,12,5,45,0,0
4,1,3,20,29,214,1,28,101,0,3.6,62,5.7,14,5,0,19,10,93,3,0
5,0,2,21,48.3,214,1,41,153,2,3.7,75,4.9,10,10,2,22,5,35,1,1
6,1,4,22,25,158,3,32,112,0,3.5,67,6.4,9,8,0,17,10,76,2,2
7,0,3,15,68.0,158,1,31,71,1,2.3,57,3.2,7,3,4,14,6,57,1,2
8,1,0,14,34,255,2,42,284,1,6.8,66,7.0,6,13,2,21,1,5,0,0
9,0,3,16,58.8,255,2,35,57,2,1.6,65,3.8,7,7,6,20,5,35,2,1
10,1,1,10,34,217,3,38,159,0,4.2,53,6.0,7,7,1,15,3,25,0,1
11,0,2,19,61.8,217,0,20,43,0,2.2,62,3.3,7,4,1,12,3,20,0,2
12,1,0,12,35,317,2,51,301,2,5.9,66,8.2,9,17,1,27,4,20,0,0
0,1,0,21,32,257,2,36,211,2,5.9,68,6.9,10,11,5,26,4,19,0,0
1,0,1,34,65.6,257,4,24,104,0,4.3,76,5.2,15,8,2,25,7,65,0,1
2,1,0,29,52,294,5,34,231,3,6.8,73,9.2,18,8,0,26,5,55,0,0
3,0,2,30,65.4,294,1,23,88,3,3.8,65,6.0,17,4,1,22,3,30,0,2
4,0,2,27,39,444,0,30,74,2,2.5,74,5.4,14,7,0,21,9,97,0,2
5,1,0,22,74.4,444,2,38,308,3,8.1,71,6.7,8,11,2,21,7,65,0,0
6,0,2,29,42,303,0,30,98,2,3.3,73,4.5,9,7,3,19,13,106,0,2
7,1,1,22,71.4,303,1,44,284,3,6.5,72,7.0,11,10,2,23,9,100,0,1
8,0,0,20,44,322,0,35,121,0,3.5,67,4.1,5,8,2,15,5,25,0,0
9,1,3,15,61.4,322,2,46,258,1,5.6,69,6.3,6,14,0,20,8,90,1,2
10,1,0,15,33,168,0,36,121,0,3.4,62,4.6,6,7,4,17,4,27,0,0
11,0,1,10,66.7,168,0,50,251,1,5.0,76,4.2,5,12,2,19,4,51,0,1
12,0,1,27,43,230,1,37,195,1,5.3,71,6.1,15,11,2,28,5,40,1,0
0,1,2,20,35,153,1,46,400,4,8.7,81,6.8,8,17,1,26,9,91,0,2
1,1,2,17,57.1,153,3,44,363,3,8.3,69,9.7,12,13,1,26,4,45,0,2
2,0,1,18,25,303,0,43,245,4,5.7,71,6.2,10,12,3,26,7,67,0,1
3,1,1,22,68.0,303,3,40,283,2,7.1,68,7.4,13,11,1,25,6,45,1,0
4,0,1,24,28,195,1,39,171,0,4.4,71,5.4,13,6,2,21,15,115,0,1
5,1,2,18,64.3,195,4,34,181,2,5.3,62,7.7,7,10,1,18,8,80,0,2
6,0,4,23,28,222,4,35,138,2,3.9,75,6.5,17,8,1,26,0,0,0,4
7,0,3,22,78.6,222,0,39,161,1,4.1,74,4.8,11,8,1,20,8,50,1,2
8,0,2,17,32,211,2,26,82,0,3.2,56,6.1,9,4,0,13,6,64,1,1
9,1,0,28,75.0,211,6,35,253,4,7.2,69,10.4,17,12,1,30,12,94,0,0
10,0,0,21,28,298,0,38,93,0,2.4,71,5.1,11,5,1,17,9,80,0,0
11,1,3,21,64.3,298,2,43,154,1,3.6,74,5.0,12,10,0,22,13,107,0,3
12,0,0,14,40,350,0,30,205,2,6.8,67,5.6,8,9,2,19,8,85,0,0
0,0,3,24,44,236,0,31,85,0,2.7,75,4.3,15,5,3,23,8,70,1,2
1,1,1,27,54.5,236,2,37,104,1,2.8,79,4.3,11,4,6,21,9,62,1,0
2,0,1,18,42,238,2,44,247,1,5.6,84,4.7,10,13,0,23,7,66,0,1
3,0,3,5,64.3,238,0,28,53,0,1.9,46,1.7,1,2,1,4,4,29,1,2
4,1,2,27,40,151,2,33,106,1,3.2,73,6.0,13,8,2,23,5,80,1,1
5,0,2,24,45.0,151,0,34,88,0,2.6,80,3.6,11,5,3,19,3,35,0,2
6,0,2,11,18,24,1,40,108,1,2.7,61,5.1,5,8,1,14,3,15,1,1
7,0,1,17,27.8,24,0,17,9,0,0.5,42,3.7,4,1,0,5,5,40,0,1
8,0,1,14,40,333,3,37,258,1,7.0,65,5.8,7,10,3,20,5,31,0,1
9,0,1,20,67.5,333,2,30,96,0,3.2,59,4.5,8,7,1,16,6,31,0,1
10,0,1,22,46,199,0,49,213,1,4.3,93,4.9,11,12,2,25,7,39,0,1
11,0,1,17,52.2,199,1,43,115,2,2.7,75,4.3,8,9,1,18,4,30,0,1
0,1,1,28,39,354,4,38,147,1,3.9,77,6.5,18,8,2,28,8,81,1,0
1,1,0,20,71.8,354,3,34,158,2,4.6,65,6.5,12,9,2,23,9,95,0,0
2,1,0,22,31,266,3,28,91,1,3.3,63,5.3,9,6,4,19,11,75,0,0
3,1,1,23,64.5,266,6,32,213,1,6.7,58,10.5,13,8,1,22,7,60,0,1
4,1,1,20,35,240,2,50,210,4,4.2,76,5.9,14,11,2,27,5,52,0,1
5,0,2,28,62.9,240,3,34,153,0,4.5,82,6.4,17,6,2,25,8,82,1,1
6,1,0,20,26,395,4,41,195,2,4.8,69,7.9,11,11,0,22,6,60,0,0
7,1,1,31,88.5,395,2,49,203,5,4.1,92,6.2,18,12,3,33,4,30,1,0
8,1,1,24,26,241,2,26,6,1,0.2,63,4.9,12,4,0,16,9,64,1,0
9,1,1,30,76.9,241,5,41,247,3,6.0,78,7.5,16,13,1,30,4,37,1,0
10,1,2,31,48,369,5,36,112,0,3.1,76,8.8,20,9,0,29,5,45,2,0
11,1,1,25,58.3,369,2,37,71,0,1.9,89,4.4,14,4,0,18,11,129,0,1
12,1,0,26,28,348,3,26,115,1,4.4,70,7.7,15,8,2,25,7,85,0,0
13,1,1,17,71.4,348,3,47,301,0,6.4,75,6.4,10,16,1,27,6,36,0,1
14,0,2,35,43,371,1,28,30,0,1.1,85,4.7,15,5,2,22,7,57,0,2
0,1,0,22,32,381,1,41,188,4,4.6,73,7.8,16,13,2,31,14,125,0,0
1,1,1,24,68.8,381,5,43,336,1,7.8,82,7.7,10,19,0,29,12,130,1,0
2,1,1,23,39,294,3,61,372,6,6.1,94,7.5,14,22,5,41,9,65,1,0
3,0,1,21,61.5,294,1,34,78,2,2.3,63,4.6,8,7,3,18,8,60,1,0
4,1,0,14,33,335,2,49,324,5,6.6,70,8.7,8,14,0,22,8,75,0,0
5,1,1,21,69.7,335,2,62,279,2,4.5,101,5.0,11,17,1,29,10,75,0,1
6,1,0,20,29,213,1,48,270,3,5.6,73,6.5,10,14,1,25,12,106,0,0
7,0,1,26,72.4,213,0,39,157,2,4.0,81,5.7,17,8,1,26,7,57,0,1
8,1,0,20,21,287,1,28,142,2,5.1,55,8.5,14,5,1,20,9,79,0,0
9,1,1,24,66.7,287,1,56,257,1,4.6,93,5.4,14,14,4,32,6,51,1,0
10,1,1,28,39,231,2,28,139,2,5.0,65,7.2,16,7,0,23,5,38,0,1
11,1,1,26,53.8,231,1,44,154,3,3.5,78,5.0,11,10,2,23,11,73,0,1
12,0,3,17,25,205,1,54,138,0,2.6,88,3.7,7,12,1,20,7,49,0,3
0,1,1,12,21,128,1,43,249,4,5.8,64,5.9,4,12,2,18,13,117,0,1
1,1,1,14,57.1,128,0,45,340,4,7.6,64,7.5,5,16,0,21,4,40,0,1
2,1,0,14,19,138,3,48,269,3,5.6,73,8.7,12,13,2,27,9,93,0,0
3,1,0,9,73.7,138,2,47,202,0,4.3,66,6.8,6,13,1,20,10,65,0,0
4,0,0,10,25,364,0,29,75,0,2.6,45,3.6,2,6,1,9,13,101,0,0
5,0,2,25,56.0,364,3,58,350,4,6.0,93,7.3,14,22,3,39,4,25,1,1
6,0,1,21,19,246,2,54,232,1,4.3,89,5.2,15,12,2,29,4,41,1,0
7,1,2,11,47.4,246,4,41,291,1,7.1,63,8.0,9,15,1,25,9,77,2,0
8,1,0,19,16,87,1,45,202,2,4.5,70,5.6,10,10,3,23,11,84,0,0
9,1,0,18,62.5,87,1,38,146,0,3.8,64,4.5,4,8,1,13,9,63,0,0
10,0,0,23,35,326,4,42,110,1,2.6,73,6.4,13,7,1,21,6,25,0,0
11,1,1,15,71.4,326,1,33,163,3,4.9,53,8.0,7,7,0,14,6,55,1,0
12,1,2,14,35,228,0,58,353,3,6.1,78,5.8,3,21,1,25,6,40,0,2
0,1,5,21,34,292,2,41,305,2,7.4,75,8.0,15,14,0,29,6,70,1,4
1,1,1,19,61.8,292,1,26,104,0,4.0,66,4.5,8,6,0,14,7,65,1,0
2,1,1,19,40,191,3,34,154,1,4.5,67,6.4,12,9,1,22,6,35,0,1
3,0,1,20,47.5,191,0,22,121,1,5.5,58,4.7,7,6,2,15,11,75,0,1
4,0,1,12,33,275,1,32,162,1,5.1,52,5.7,6,8,1,15,8,59,0,1
5,1,1,21,57.6,275,3,27,94,1,3.5,58,6.5,13,7,4,24,6,50,0,1
6,1,1,13,36,151,2,42,283,3,6.7,67,6.4,10,15,4,29,5,54,0,1
7,1,1,12,55.6,151,2,53,290,2,5.5,79,6.0,11,13,2,26,8,90,0,1
8,1,1,15,20,135,0,34,219,0,6.4,63,6.5,8,9,1,18,4,30,1,0
9,0,2,24,60.0,135,0,29,141,2,4.9,70,5.4,11,8,1,20,11,90,0,2
10,1,1,12,31,285,2,44,279,4,6.3,63,7.1,5,19,0,24,1,15,0,1
11,0,0,20,67.7,285,3,28,54,0,1.9,63,4.7,13,3,0,16,4,28,0,0
0,1,4,39,47,370,3,19,65,2,3.4,66,6.6,17,5,0,22,12,95,3,1
1,1,0,33,83.0,370,2,15,22,0,1.5,64,4.9,14,1,0,15,9,60,0,0
2,0,1,50,49,294,3,16,49,1,3.1,83,5.6,18,6,2,26,9,64,1,0
3,0,2,47,67.3,294,3,26,115,0,4.4,88,5.5,18,10,1,29,6,36,1,1
4,1,0,46,67,419,3,17,30,0,1.8,76,5.8,22,4,2,28,7,65,0,0
5,0,3,35,74.6,419,0,19,-1,0,-0.1,74,4.0,15,6,3,24,6,25,0,3
6,1,2,46,62,371,5,22,61,1,2.8,86,6.1,21,6,2,29,9,70,0,2
7,1,0,36,75.8,371,1,35,94,3,2.7,74,5.9,15,7,5,27,10,73,0,0
8,0,1,36,59,408,4,26,69,0,2.7,74,6.6,20,5,3,28,10,77,0,1
9,1,0,44,78.0,408,6,19,72,0,3.8,75,6.5,21,5,5,31,5,40,0,0
10,1,2,36,55,300,5,15,107,2,7.1,61,9.8,18,5,0,23,3,29,2,0
11,0,0,38,63.6,300,1,21,84,1,4.0,80,5.3,20,6,4,30,8,75,0,0
12,0,3,32,64,461,1,20,54,0,2.7,73,4.7,17,4,1,22,4,35,2,1
0,1,0,22,27,297,3,32,316,5,9.9,59,10.4,14,14,0,28,3,25,0,0
1,1,1,11,81.5,297,3,39,364,3,9.3,58,9.3,6,13,2,21,10,67,1,0
2,0,1,21,19,174,0,38,194,2,5.1,75,5.1,12,10,2,24,6,45,1,0
3,1,1,22,57.9,174,1,35,166,0,4.7,78,5.4,13,7,1,21,6,65,1,0
4,1,0,24,37,185,1,29,163,2,5.6,77,5.9,16,6,1,23,5,45,0,0
5,0,1,24,56.8,185,0,29,46,1,1.6,72,4.4,12,4,1,17,5,34,0,1
6,1,1,21,43,253,2,35,135,2,3.9,61,7.0,12,6,2,20,6,49,0,1
7,1,2,22,51.2,253,1,46,207,3,4.5,77,6.3,12,14,4,30,6,40,2,0
8,0,2,20,48,290,0,29,73,0,2.5,70,3.2,8,9,0,17,5,35,1,1
9,0,1,27,50.0,290,2,27,106,3,3.9,70,6.9,15,7,0,22,9,86,1,0
10,0,1,17,43,272,1,33,191,1,5.8,65,5.8,8,13,1,22,3,25,1,0
11,0,1,17,55.8,272,2,40,22,0,0.6,66,2.4,6,1,5,12,7,52,0,1
12,0,0,19,26,292,1,28,128,0,4.6,65,5.5,8,6,1,15,3,35,0,0
0,0,1,26,46,330,3,25,48,0,1.9,71,5.3,17,4,3,24,2,10,0,1
1,1,0,21,56.5,330,3,35,130,1,3.7,72,4.3,9,7,1,17,2,25,0,0
2,1,1,27,37,181,5,24,84,1,3.5,63,7.7,18,5,0,23,6,57,0,1
3,1,1,17,56.8,181,4,27,63,0,2.3,54,6.4,8,6,1,15,5,32,0,1
4,0,1,26,39,400,1,25,33,0,1.3,71,5.0,13,3,3,19,6,50,0,1
5,0,1,22,69.2,400,1,35,147,2,4.2,73,5.6,11,10,1,22,4,18,1,0
6,1,0,14,27,280,3,45,321,3,7.1,69,6.6,8,14,0,22,5,45,0,0
7,0,3,20,63.0,280,1,35,77,1,2.2,68,4.8,11,5,4,20,2,16,2,1
8,0,2,17,46,325,2,40,109,0,2.7,73,4.0,8,5,3,16,6,30,1,1
9,0,3,21,56.5,325,1,42,108,0,2.6,79,3.9,9,9,2,20,5,34,1,2
10,1,1,22,38,261,2,38,92,1,2.4,72,5.7,11,6,0,17,4,38,0,1
11,1,0,22,57.9,261,3,36,106,0,2.9,74,5.6,13,8,1,22,3,32,0,0
12,0,2,7,24,133,3,37,170,0,4.6,48,6.4,4,9,2,15,6,59,0,2
0,1,1,20,27,259,2,36,226,2,6.3,63,7.7,12,10,3,25,7,65,0,1
1,0,1,21,74.1,259,1,39,127,1,3.3,73,4.5,8,11,0,19,6,48,0,1
2,1,2,22,34,199,1,38,187,4,4.9,67,7.9,11,12,1,24,6,32,2,0
3,1,2,24,61.8,199,1,51,287,3,5.6,90,6.3,17,16,6,39,4,41,1,1
4,1,1,22,29,341,4,40,163,2,4.1,72,7.0,11,10,2,23,3,29,1,0
5,0,4,15,75.9,341,0,29,78,1,2.7,55,3.8,8,3,4,15,5,43,2,2
6,1,2,18,39,283,2,41,228,2,5.6,69,8.3,13,8,1,22,7,76,2,0
7,1,0,22,61.5,283,4,42,251,3,6.0,74,7.0,14,11,0,25,5,45,0,0
8,1,1,16,32,339,2,47,265,2,5.6,74,6.2,10,17,1,28,6,85,0,1
9,1,4,14,68.8,339,2,37,135,1,3.6,63,5.2,9,8,0,17,8,68,2,2
10,1,2,17,26,133,3,55,233,3,4.2,79,5.6,11,13,3,27,8,65,0,2
11,1,1,12,57.7,133,2,31,94,0,3.0,55,6.0,9,3,0,12,7,66,1,0
12,0,1,12,28,347,1,34,171,1,5.0,64,4.5,7,9,2,18,7,47,1,0
13,0,4,20,64.3,347,4,43,251,1,5.8,78,7.8,11,13,0,24,6,35,2,2
0,1,0,20,24,348,2,31,264,5,8.5,55,11.1,14,13,1,28,4,40,0,0
1,1,1,17,83.3,348,2,40,215,4,5.4,61,7.5,12,13,2,27,4,40,1,0
2,1,1,13,21,245,3,40,233,1,5.8,59,7.9,10,11,0,21,3,30,0,1
3,1,0,15,81.0,245,3,44,313,4,7.1,69,8.1,9,18,3,30,5,48,0,0
4,1,1,21,19,232,4,42,275,3,6.5,66,8.4,12,13,1,26,5,35,1,0
5,1,0,22,68.4,232,4,36,294,3,8.2,63,10.9,13,10,0,23,10,90,0,0
6,0,0,15,25,246,1,29,55,2,1.9,52,6.7,12,4,1,17,6,57,0,0
7,1,1,14,60.0,246,2,40,216,3,5.4,66,7.7,8,9,0,17,7,55,0,1
8,1,1,13,24,282,1,41,220,2,5.4,61,5.0,6,11,0,17,7,74,1,0
9,0,2,17,87.5,282,1,44,209,4,4.8,73,6.1,12,13,1,26,2,9,1,1
10,1,0,22,27,391,5,46,181,0,3.9,75,6.7,16,14,0,30,3,35,0,0
11,1,3,16,81.5,391,1,46,315,3,6.8,71,6.9,8,15,2,25,7,84,2,1
12,1,0,22,23,291,4,25,199,2,8.0,55,9.3,13,9,0,22,7,64,0,0
0,0,2,12,20,129,0,28,48,1,1.7,48,3.7,9,4,1,14,5,55,1,1
1,0,1,14,60.0,129,0,45,181,2,4.0,75,3.6,4,11,1,16,5,39,0,1
2,1,2,6,30,90,2,49,296,1,6.0,61,7.1,6,14,0,20,6,51,1,1
3,0,1,12,46.7,90,2,47,267,1,5.7,71,5.4,7,12,1,20,2,20,0,1
4,0,3,20,12,139,1,40,135,0,3.4,77,4.9,12,8,1,21,5,55,0,3
5,1,0,20,50.0,139,4,58,326,4,5.6,87,6.6,14,21,4,39,7,80,0,0
6,1,1,16,24,117,2,46,288,2,6.3,71,6.9,9,17,0,26,9,78,1,0
7,1,0,16,50.0,117,0,40,237,3,5.9,67,5.6,7,15,0,22,2,25,0,0
8,0,0,8,37,246,1,49,209,1,4.3,68,4.5,3,16,1,20,3,12,0,0
9,1,0,18,54.1,246,2,42,175,4,4.2,66,5.7,9,9,1,19,4,9,0,0
10,1,3,10,29,246,0,52,282,4,5.4,73,5.9,5,15,2,22,6,57,2,1
11,1,2,11,69.0,246,2,46,247,1,5.4,68,5.7,8,11,2,21,9,90,2,0
12,1,0,17,25,200,3,41,259,1,6.3,62,7.5,7,13,1,21,7,85,0,0
0,1,1,22,32,300,2,39,164,5,4.2,71,6.5,14,10,4,28,3,25,0,1
1,0,1,18,68.8,300,1,24,21,1,0.9,49,4.7,8,3,2,13,4,35,0,1
2,1,2,27,25,211,2,32,49,1,1.5,72,4.2,12,4,1,17,10,85,2,0
3,0,1,35,72.0,211,2,23,67,0,2.9,72,5.3,14,4,0,18,10,90,0,1
4,0,4,22,40,255,0,31,145,2,4.7,69,4.5,10,8,3,21,2,16,2,2
5,1,1,24,67.5,255,2,28,139,1,5.0,64,6.4,11,6,1,18,6,60,1,0
6,1,0,22,49,311,1,38,216,2,5.7,67,5.9,8,12,3,23,6,50,0,0
7,0,1,17,71.4,311,3,36,164,1,4.6,67,5.8,8,9,1,18,4,25,1,0
8,1,1,17,38,163,0,27,119,3,4.4,52,6.2,9,6,2,17,3,25,0,1
9,0,3,29,57.9,163,1,25,41,1,1.6,80,4.9,19,2,1,22,5,45,2,1
10,0,2,11,36,270,1,19,33,0,1.7,40,3.6,4,1,1,6,5,41,1,1
11,0,4,21,66.7,270,0,38,57,1,1.5,76,4.5,9,6,3,18,3,42,2,2
0,1,0,12,20,135,1,65,362,2,5.6,85,5.8,7,18,0,25,6,46,0,0
1,0,2,14,60.0,135,0,38,140,1,3.7,62,4.2,8,8,1,17,2,5,1,1
2,0,0,13,24,118,0,35,152,1,4.3,63,3.7,3,5,3,11,8,50,0,0
3,0,1,11,58.3,118,0,57,278,3,4.9,81,5.6,9,13,1,23,4,29,0,1
4,1,0,3,28,81,0,50,503,7,10.1,63,8.6,2,17,2,21,10,103,0,0
5,0,3,16,46.4,81,0,38,82,2,2.2,65,4.6,9,5,3,17,6,55,0,3
6,0,1,7,24,175,0,44,121,1,2.8,69,3.4,3,7,0,10,5,30,0,1
7,0,2,18,45.8,175,1,46,209,1,4.5,73,6.7,9,14,1,24,4,30,0,2
8,0,4,11,13,37,1,36,80,0,2.2,59,3.8,9,5,2,16,5,28,3,1
9,1,1,14,23.1,37,2,39,179,2,4.6,64,6.4,10,7,2,19,9,85,0,1
10,0,2,11,27,219,0,37,146,2,3.9,52,5.2,8,9,2,19,5,45,0,2
11,0,1,11,59.3,219,0,46,87,0,1.9,70,2.8,4,10,1,15,4,25,1,0
0,0,0,28,40,282,1,29,76,1,2.6,69,5.2,15,6,1,22,5,25,0,0
1,1,1,19,70.0,282,2,31,90,0,2.9,64,6.2,13,6,1,20,3,40,1,0
2,1,1,25,33,304,2,49,310,5,6.3,83,6.8,15,17,1,33,8,83,0,1
3,1,0,17,57.6,304,3,37,129,1,3.5,65,5.8,10,5,3,18,6,34,0,0
4,1,1,10,34,252,0,33,225,3,6.8,54,5.2,2,14,1,17,4,30,1,0
5,1,1,15,73.5,252,1,44,246,5,5.6,69,6.6,9,12,2,23,9,97,0,1
6,1,2,11,28,249,0,53,424,4,8.0,73,7.5,6,20,0,26,7,77,1,1
7,1,0,24,60.7,249,3,36,165,2,4.6,71,6.0,12,10,2,24,1,10,0,0
8,1,1,19,21,58,1,36,146,2,4.1,70,6.2,10,10,1,21,6,55,0,1
9,1,0,14,47.6,58,3,45,204,2,4.5,67,5.5,5,13,1,19,6,55,0,0
10,1,0,14,25,209,3,40,130,2,3.3,65,4.6,7,8,2,17,3,30,0,0
11,1,0,15,60.0,209,1,37,166,2,4.5,61,6.3,8,9,0,17,4,45,0,0
12,1,0,15,20,122,1,41,188,2,4.6,73,5.5,10,10,0,20,6,55,0,0
13,1,0,20,55.0,122,1,51,220,3,4.3,83,6.0,11,10,2,23,6,50,0,0
0,0,3,20,40,156,1,27,79,1,2.9,67,3.5,11,5,4,20,3,25,0,3
1,1,0,18,50.0,156,1,44,171,2,3.9,75,4.5,9,11,2,22,8,90,0,0
2,0,2,25,31,165,2,44,182,2,4.1,85,5.4,13,12,1,26,7,70,2,0
3,0,1,16,58.1,165,3,37,112,0,3.0,62,4.8,7,11,0,18,7,95,1,0
4,1,3,18,41,278,2,47,213,2,4.5,75,5.3,9,9,5,23,7,56,0,3
5,0,4,22,61.0,278,3,39,91,1,2.3,71,5.2,12,6,3,21,4,45,1,3
6,0,2,27,25,187,0,38,123,1,3.2,85,4.4,13,9,4,26,7,47,1,1
7,0,3,6,64.0,187,0,37,178,0,4.8,50,4.4,3,7,0,10,4,35,2,1
8,1,0,16,28,187,1,33,172,2,5.2,64,6.8,9,10,0,19,8,81,0,0
9,0,2,29,64.3,187,0,35,78,2,2.2,81,4.2,11,10,6,27,8,77,1,1
10,0,0,14,32,279,1,32,188,2,5.9,59,5.1,5,10,2,17,1,5,0,0
11,1,0,12,68.8,279,1,29,203,2,7.0,55,6.1,7,6,1,14,6,64,0,0
0,1,1,17,22,269,2,34,31,1,0.9,56,5.4,11,0,2,13,6,70,1,0
1,1,1,29,77.3,269,0,37,114,2,3.1,83,4.5,12,7,2,21,2,25,0,1
2,1,4,14,46,257,0,43,236,4,5.5,68,5.8,6,14,2,22,5,45,4,0
3,0,0,19,63.0,257,0,43,144,3,3.3,72,5.4,11,3,1,15,7,57,0,0
4,0,3,19,25,158,2,43,141,2,3.3,69,4.8,8,11,1,20,13,125,2,1
5,1,0,25,56.0,158,3,32,140,2,4.4,65,8.4,14,6,0,20,5,15,0,0
6,0,3,30,29,243,4,32,89,0,2.8,73,5.6,14,6,2,22,3,35,1,2
7,1,1,29,65.5,243,4,35,173,0,4.9,74,5.7,12,9,2,23,5,50,0,1
8,0,2,23,26,189,2,45,150,1,3.3,80,4.2,9,12,1,22,3,30,1,1
9,0,2,21,73.1,189,1,33,58,0,1.8,71,4.0,12,3,2,17,2,17,0,2
10,0,0,19,33,405,2,37,69,0,1.9,69,4.1,6,6,1,13,4,30,0,0
11,0,3,28,75.8,405,2,23,-5,0,-0.2,64,5.5,16,1,3,20,3,27,0,3
0,0,0,11,20,70,0,42,18,1,0.4,62,1.4,5,4,3,12,3,25,0,0
1,1,0,17,55.0,70,0,41,94,0,2.3,76,3.3,7,7,3,17,3,25,0,0
2,1,1,11,35,156,1,41,122,1,3.0,60,4.8,7,5,3,15,7,50,1,0
3,0,1,13,48.6,156,0,31,72,0,2.3,55,3.7,6,4,0,10,3,25,0,1
4,0,2,20,19,168,3,37,122,0,3.3,69,5.2,9,8,4,21,9,92,1,1
5,1,1,16,57.9,168,2,47,140,2,3.0,72,5.1,10,8,4,22,2,17,0,1
6,1,1,25,24,131,4,38,186,1,4.9,73,7.6,14,9,2,25,3,45,1,0
7,0,5,11,54.2,131,1,51,231,3,4.5,73,5.4,7,8,2,17,2,10,2,3
8,0,0,28,32,237,0,54,170,2,3.1,98,4.4,13,13,2,28,3,25,0,0
9,0,2,16,62.5,237,1,40,177,2,4.4,75,5.0,8,9,1,18,2,30,0,2
10,0,1,16,25,225,2,37,118,0,3.2,66,4.7,9,6,3,18,4,30,0,1
11,0,1,16,64.0,225,1,40,164,1,4.1,74,4.4,8,9,3,20,4,17,1,0
0,1,1,28,38,319,4,38,196,1,5.2,76,6.8,12,9,4,25,6,50,1,0
1,0,0,42,73.7,319,5,32,98,1,3.1,98,6.9,25,7,3,35,8,69,0,0
2,0,3,22,66,582,0,23,48,0,2.1,72,3.7,9,5,1,15,6,49,2,1
3,0,2,23,63.6,582,2,26,38,0,1.5,63,5.7,15,2,3,20,5,35,1,1
4,0,4,36,49,220,4,25,81,0,3.2,85,6.3,21,8,7,36,6,98,0,4
5,0,1,20,44.9,220,2,17,18,1,1.1,58,4.7,11,3,2,16,3,25,0,1
6,0,0,16,37,321,3,35,113,0,3.2,66,6.3,9,7,6,22,8,64,0,0
7,0,4,19,62.2,321,0,26,38,0,1.5,63,3.6,11,2,1,14,6,45,1,3
8,0,3,17,60,453,2,27,84,0,3.1,57,3.9,6,4,3,13,3,40,0,3
9,1,2,34,60.0,453,2,33,94,1,2.8,83,6.5,18,4,0,22,4,40,0,2
10,0,2,28,41,255,1,26,-3,0,-0.1,74,3.6,10,2,4,16,4,27,0,2
11,0,0,25,48.8,255,2,39,194,0,5.0,76,6.2,16,8,1,25,8,60,0,0
